t,x,y,z,pitch,yaw,roll
2.1457672119140625e-06,0.0,0.0,0.0,0.0,0.0,0.0
36.36485958099365,-0.16820560047225777,-0.047821482108892144,0.9845912765298483,-0.03494921375182919,-0.17061966978773765,-0.01897563951885932
36.41977620124817,-0.13066229585665645,-0.13913007709931663,1.9797059637691707,-0.03214390175169558,-0.2991711495083961,-0.09278968474954027
36.46408200263977,0.8636330748813883,-0.23288150967818688,1.928839623048578,-0.3133424468889939,-2.485347080958713,-0.2780320622545923
36.95474433898926,1.153590747383674,-0.16394735963165086,0.9742859937985405,-0.3275324965100105,-2.5833540291749837,-0.44911120499231416
37.086697816848755,0.9816683797649752,-0.23586204394821061,1.9567680433506072,0.14039486628078715,-7.113091327142922,-0.3224744619029729
37.151891231536865,1.2441761546562837,-0.026663620789593945,1.0147883790958199,0.14352332356808914,-7.1132062119587625,-0.3305823685310597
37.21808123588562,0.9537269865907217,-0.24127843400107077,1.9473009863672848,0.1389830182950668,-7.114666129348724,-0.3209287960750367
37.28188896179199,0.8286353115271664,-0.28507514790904015,2.9384790332794717,0.14462081936735213,-7.107513603821758,-0.36540621951360014
37.34805989265442,-0.17126338376646577,-0.2902449965798193,2.9517407003999008,0.12041780464201346,-5.877796028870484,-0.22426067080159912
37.414100885391235,-0.31386574676263745,-0.4984401192871092,3.9193766634298024,0.13556927516104028,-5.876728959072668,-0.3232140138011051
37.48029851913452,0.6617044275847345,-0.33165825597872933,4.0623684289102755,0.2919551114205174,-6.6655431683378055,-0.40084180284370946
37.54547429084778,1.6468083395521234,-0.32681689453809115,4.234260382898668,0.3002112151654725,-6.952382414350022,-0.4227706538169524
37.61263585090637,2.568026727905844,-0.6719425179164369,4.413829269531849,0.23571542658184982,-7.159345433126428,-0.4905536958659584
37.679279804229736,3.522395050654526,-0.9704318213188646,4.423061836249809,0.11385340490019101,-7.565257857405482,-0.5484685156046754
37.743282079696655,3.64844566377297,-0.7785844674184959,3.4497654601474976,0.11318987636111219,-7.5583636609215565,-0.49108153481724925
37.81134343147278,2.6888338652481263,-0.9971775683439081,3.2726715518397067,0.010743373284294906,-7.158307107121232,-0.4608886723194705
37.878803730010986,1.6989266098197224,-1.010638211389456,3.131595555515011,-0.0015331921008021896,-6.187037084203135,-0.46147232421275125
37.94645667076111,1.2226272228939277,-0.7734247149530187,2.2849145936867004,0.008928430584672438,-6.184106689699249,-0.5053424182312899
38.0120689868927,2.1751655210515564,-1.0656950872801394,2.3700545960518284,-0.13928897495782583,-6.695513181429509,-0.5620683721493083
38.07777452468872,3.170111457906674,-1.1660680161874182,2.3672514053580875,-0.18446185136782006,-7.151766660237465,-0.5914093054623798
38.144357204437256,3.7126044208642046,-0.9791786644019586,1.5482436182578856,-0.18558156261321013,-7.161183831248712,-0.5846545079013453
38.21051263809204,3.594523641174894,-1.1992868048838923,2.5165459140114126,-0.1820478307456381,-7.160752255684406,-0.5902177085030601
38.27909255027771,2.6058100751357802,-1.1720316163848468,2.3692277582053514,-0.17353404079768697,-5.842995217987105,-0.474315206972267
38.34518527984619,1.6132003961920052,-1.1972392204628965,2.2505239168025586,-0.22143709615283402,-4.6880777165131375,-0.3561342904797068
38.41023254394531,1.3995781333727433,-1.413098993213397,3.203293609506982,-0.22352936705567247,-4.685879830411776,-0.3469522103773096
38.4758186340332,0.8526681934948819,-1.5515772815046929,4.02895291051116,-0.21592236615858246,-4.711302616335795,-0.3430790595420119
38.54564189910889,0.1784733471608,-1.436563305254834,4.758495982881642,-0.20925349945721938,-4.705053387437481,-0.3352267934760041
38.61540174484253,-0.8064996787716343,-1.2677188298508715,4.79482340105394,-0.09253266530165585,-4.029730615366765,-0.26819582638082
38.6818904876709,-1.7190195842710352,-0.8829471145917522,4.656049667213851,-0.24873321155002265,-4.446778914745501,-0.3466701684530315
38.748122215270996,-1.5894781444047033,-0.683023423081,3.684839322885665,-0.2457702935520376,-4.442298896625813,-0.34260414332039435
38.8146436214447,-1.7690757336280882,-0.9034504383070123,4.643565893344469,-0.23338340295693752,-4.439607024290471,-0.3794082117302441
38.88384032249451,-0.7780614795308092,-0.8152700963981668,4.744139127740369,-0.1708499474534596,-5.052990959478015,-0.4298477418181445
38.95564293861389,-1.7054406553491241,-0.5102206943590766,4.527545668526713,0.0110955653606725,-4.431127094493613,-0.3507423969418668
39.02304410934448,-1.810008393141881,-0.6136706061299729,5.516668362618553,0.003404244833070363,-4.431063921047476,-0.34572416650303345
39.09161949157715,-1.8470498518237044,-0.7063254919892091,6.5116774090423215,-0.008705652795298438,-4.441609394395744,-0.2952115632053112
39.16190147399902,-2.80637364166613,-0.9869970003510842,6.481323321405929,-0.07369346813047631,-4.207164218718247,-0.30519635521375316
39.22744107246399,-3.029966352963228,-1.060020264936669,7.453266685128362,-0.05799509088824003,-4.201777421146784,-0.3831735018955842
39.295549392700195,-3.272080920556444,-1.2502379262237509,8.404685508514586,-0.034223939109310195,-4.201676118540448,-0.47331623839090037
39.364914417266846,-2.285520348374219,-1.130593538599084,8.515966494875242,0.14497493091978916,-5.3518354237308365,-0.652028457241729
39.43840551376343,-3.266478387447574,-0.9968592979521876,8.37512446117806,0.29682681191286076,-4.044310059236925,-0.5308081759736446
39.508333683013916,-3.1530992906255952,-0.9084951155328063,7.385509914160289,0.29356930460180697,-4.043692481187323,-0.5422386893257
39.58194375038147,-3.639341041876405,-1.039664010266088,8.24943333692124,0.2871041493496061,-4.0307514201826935,-0.5252758469143801
39.65391516685486,-3.7863384896495424,-0.941773159237,7.265152314228539,0.28469712762652166,-4.031706449625811,-0.5179092212093033
39.72387361526489,-3.9288791954236792,-1.1378653946159365,8.235322393349465,0.2925148780344801,-4.030483176721063,-0.5284659390665262
39.792205572128296,-4.9091286920423745,-0.9913818197136987,8.102455969213576,0.2188974762089024,-4.541029100945775,-0.5463077828012515
39.871562480926514,-4.00072209467609,-1.4094370218744845,8.107681082390808,-0.08363417240649842,-5.188512694769183,-0.6009361287345304
39.965187549591064,-3.78012838781339,-1.175842302003309,7.16070065844273,-0.08084508851524023,-5.19320972614464,-0.5586090568107173
40.032114028930664,-2.8097893644747485,-1.4170314161404862,7.177132061545861,-0.25903047177639416,-5.939359441398405,-0.6660817420884397
40.10389256477356,-3.795468490935726,-1.2486346414184033,7.168233414326962,-0.2138876765578396,-5.621304053744934,-0.6089247469184031
40.17358875274658,-3.8419890276064095,-1.2935547412120803,8.166140235779947,-0.2145918507028411,-5.620785996972593,-0.607357290661074
40.24633765220642,-4.27279763994032,-1.497903112827329,9.04514289934652,-0.23783792129168865,-5.619367400394619,-0.5142418041363961
40.318124532699585,-4.196972504253414,-1.7265840484935926,10.015686859433268,-0.2556636687416652,-5.621611223029594,-0.4330091569790946
40.38910484313965,-3.2230266078949237,-1.6916350846832247,10.239758189359794,-0.2425147070754424,-5.935245700139969,-0.43426572389165774
40.45972442626953,-3.6680692187356083,-1.9376403337242416,11.100814803050424,-0.24059719661253345,-5.942935025200083,-0.6103587578485905
40.530689001083374,-3.9683221248757667,-2.1357319731769238,12.033878517237907,-0.24016545229194447,-5.9275462199529425,-0.6519159044592981
40.625858545303345,-4.926034595288204,-2.3784061655420454,11.879295011078792,-0.3106270653739712,-5.651573009386914,-0.6569179934716874
40.70136594772339,-4.992528500955363,-2.5011166110003655,12.86950746660768,-0.30317573401247805,-5.651488849171839,-0.6854619321676437
40.76945424079895,-5.95024412758716,-2.3453134849447252,12.627626991131558,-0.3210523484659797,-5.741844715526627,-0.666681137643278
40.8423433303833,-4.953207263939064,-2.268447337963019,12.624612364295961,-0.3208209290055325,-5.60294623579293,-0.7051933003059059
40.93916630744934,-3.9571486640001234,-2.26983537053595,12.71329910994183,-0.31591572267511503,-6.316994503304864,-0.7421374226783509
41.01379680633545,-4.888331261360834,-2.612298012915291,12.58832587701925,-0.14683386146059602,-6.6741418288456344,-0.8266051559036577
41.09284162521362,-5.072761532315906,-2.617025309255824,13.57116010913815,-0.1357699511826607,-6.668248022106889,-0.8849012655541293
41.18739414215088,-5.454522812791676,-2.9409386381995555,12.705516718322919,-0.10039403655974267,-6.684898806813706,-0.9128361983649689
41.25932288169861,-5.540505200721011,-3.150319159698871,13.67956334255743,-0.09605859139431708,-6.684781909079004,-0.9264666182088888
41.357518672943115,-5.679881163245926,-3.3319362617052013,14.653005466840675,-0.09219910428421267,-6.683925259491981,-0.9365071412277168
41.43099880218506,-5.8166667869439905,-3.124734283077539,13.684317161345913,-0.09151021250564757,-6.686754572488614,-0.9378741011470524
41.51825213432312,-6.801274207461263,-2.9530849498625225,13.651381863120946,0.011486630550028458,-6.071299370921809,-0.9148586074112411
41.59955978393555,-6.751124809440593,-2.7508135113055547,12.673337230692415,0.03934920668901733,-6.05692085375716,-0.98508471039005
41.6702299118042,-6.483282928746836,-2.5354630115572983,11.734249966800176,0.03981261139933974,-6.060670354907189,-0.9742002178063492
41.74329090118408,-7.465888427404699,-2.3629601131413143,11.80301902994211,0.07949041373721584,-5.72225981413802,-0.8295192879672649
41.84425950050354,-8.333409346916776,-2.853806451509989,11.883500868384004,-0.07950791441367346,-5.432330040432122,-0.8318265111885382
41.91119956970215,-8.53413999624938,-3.073523442402805,12.838190163564127,-0.09640057076230349,-5.415519083434993,-0.8507136056024415
41.997878551483154,-8.699429074764437,-3.2446653864751474,13.809472797766336,-0.09421448636831294,-5.417958052868718,-0.8597998587167908
42.08376431465149,-9.6630536004802,-3.5018363765720277,13.736734532103323,-0.22079328327287678,-4.9718513250333,-0.8184811133144267
42.15526080131531,-9.556704765416109,-3.4221270196514997,12.745605709144456,-0.20023890926297075,-4.961373631164594,-0.8688729650549064
42.231722831726074,-10.555759015281714,-3.3978043391650417,12.709563885669112,-0.19912267469723374,-4.773166176288575,-0.8419798367784945
42.32615041732788,-11.483531723866522,-3.0322247423665716,12.784325905504588,-0.1677615549978439,-4.704007615618424,-0.8484122416545535
42.413280725479126,-12.474155565915217,-2.909547870667062,12.84444901848708,-0.1421347473645955,-4.613876936314551,-0.8913951772020775
42.489524364471436,-12.428570491917421,-2.9751936567944233,13.84125021822168,-0.14381886499636837,-4.612480606926971,-0.8818555800480022
42.589637994766235,-13.410217356145033,-2.787084493045503,13.809875443867439,-0.020637801871325415,-3.948425324957376,-0.8543035040060862
42.6631715297699,-13.165028579464666,-2.7883320638376943,12.840400891670681,-0.021458629034088475,-3.9632280856005058,-0.9104393330546512
42.76423716545105,-12.908587694330908,-2.7260821463526206,11.875847616726826,-0.01687465515731224,-3.980237011092009,-0.9799481408689451
42.83946394920349,-12.72362354824237,-2.543932026259397,10.910130474696219,-0.02994846186433079,-3.9858947678207,-0.9181193819408926
42.93640065193176,-12.541766079481254,-2.366287852802418,9.942984979596032,-0.008858517253047813,-4.007679088692758,-1.0536250271958665
43.02141332626343,-12.34396779162784,-2.3145520258057632,8.964108459534778,-0.006786333555143862,-4.005417287474919,-1.1110706022679122
43.094815254211426,-12.466954696262055,-2.3323999032096667,9.95635624842658,0.012606283984490265,-4.006223813762084,-1.2481645314856507
43.194440603256226,-12.547019885639669,-2.52939509889981,10.933485952368144,0.011580000822502068,-4.0073170200439385,-1.2424928276529124
43.26541447639465,-11.58201720535646,-2.588292475446784,11.189026411164999,-0.021170026033181542,-4.440820057484049,-1.208263900872119
43.3580424785614,-11.625124348978556,-2.675651285984555,12.184270206619244,-0.03589981772892165,-4.433292102971914,-1.1691175398031526
43.44041180610657,-11.833594318506792,-2.878264836012824,13.141081588841383,-0.04146570672802386,-4.439453288573829,-1.1356450578767667
43.52678966522217,-10.918704850847309,-2.5577524192195376,13.38653841324656,-0.0808392469877463,-4.335031191179929,-1.0988236766217216
43.62285923957825,-11.758235120543892,-2.0150372497241706,13.41201724883224,0.5287638960821054,-3.3837053973459073,-0.8637920410099063
43.693243741989136,-11.772536008215491,-2.196745153617353,14.39526580452635,0.5344637872616993,-3.3899416691182633,-0.9160252445042225
43.79649114608765,-11.575032363333762,-2.049163663100684,13.426136291037409,0.5255207818880157,-3.374592504027204,-0.9110401896424416
43.8666615486145,-11.90870311356518,-2.0969365850114583,14.367614691412113,0.5251694094435889,-3.3790222828612633,-0.8947611594166432
43.936107873916626,-12.012815756423795,-2.2057393918443315,15.356210921843063,0.5247412542100193,-3.373995342335201,-0.9274847660287777
44.012829303741455,-12.21048720121329,-2.056683479979736,14.387341304684464,0.5336641141899215,-3.3765299748648907,-0.9936976516717796
44.113423347473145,-11.260982354674844,-2.154389852246029,14.685492291968695,0.5591366354116051,-3.0040360829269037,-0.9510435517185282
44.18713426589966,-10.27873829779718,-2.048426771650276,14.840309727289018,0.6006366173733741,-3.2646101966703727,-1.0198822085056218
44.260403633117676,-10.308855690326629,-2.2647907618408225,15.816157854005493,0.5968570210823043,-3.259040089822626,-1.0028926061453576
44.35746455192566,-11.216007747044433,-2.6680150988336218,15.69580304500571,0.4524924345147932,-2.918181725645413,-1.0245545130222393
44.4408814907074,-10.219085807195839,-2.708907108352376,15.628911420671765,0.45858003601378144,-2.7036026198275684,-0.9903804102134627
44.52620887756348,-10.434274077875546,-2.770446138262205,16.603543123398307,0.48145647971631844,-2.6931217424470297,-1.0815120236407298
44.630714893341064,-9.458903413687542,-2.9895886184990776,16.62861583360451,0.3946037261490161,-3.1519834456493085,-1.1897711341657091
44.721577882766724,-10.445193673597533,-3.0553647440941476,16.47727177356784,0.346420115343015,-2.5293540919850748,-1.175471317390907
44.791775941848755,-10.66591072174815,-3.2432917007440527,17.43433365433626,0.3767254518262296,-2.514167632118994,-1.2954863320802765
44.864068269729614,-10.31325263036515,-2.9966381852345525,16.53167407627324,0.4003626951263516,-2.5331563598531917,-1.3131189373221366
44.95788216590881,-10.580712489272504,-3.144009033193124,17.48390674586888,0.4053208307594368,-2.5330083645111396,-1.3304723683072668
45.04403901100159,-10.767625179040722,-3.2683888896106668,18.45837752414864,0.44877220716753624,-2.517662590700707,-1.498539937417973
45.13139820098877,-11.755237125037098,-3.1333014096349574,18.37854008381478,0.6175079815335496,-1.4347286407640298,-1.4316062185555163
45.22463917732239,-11.462712154581983,-2.937214410612027,17.442602569621435,0.6874220438645586,-1.4127302350307214,-1.6851048502275063
45.296101570129395,-11.980226704839625,-3.1055137083373734,18.28156266203155,0.752907199326006,-1.4157250157421732,-1.9476756458619258
45.40343642234802,-11.047152464495927,-2.7843055183828316,18.443419885265968,1.241646051956318,-2.406814981850182,-2.338621805315154
45.473634004592896,-11.250535151144337,-2.8232888822807904,19.42174282791368,1.3076712123477712,-2.3741351844272436,-2.6434104520177475
45.568663358688354,-12.220310542751687,-2.613767652818857,19.296696659489495,1.6727735660039702,-0.8779043547823925,-2.818493619893813
45.671016693115234,-12.451917678896532,-2.6461376117101714,20.26896736266231,1.7371594430534976,-0.8435149203848048,-3.1348655025296646
45.756062269210815,-13.43674171213688,-2.52076290771638,20.148955666771123,2.022129360372943,0.38902905535238025,-3.7426843073699456
45.83762240409851,-13.52563944164495,-2.5395046010168594,19.153091246972654,2.1105205024326703,0.42067536530637034,-4.1468443771012256
45.92822527885437,-12.550530882785282,-2.540942349999787,19.374814568516598,2.2206131788465036,0.048585882270181895,-4.660061081883822
45.996224880218506,-12.752690979729666,-2.582046092272637,20.353304107333752,2.320267477706237,0.09982000062496077,-5.107635639671487
46.097784757614136,-12.892390315691902,-3.440536454388821,20.84673940571171,2.5095175641623575,0.20667943208426706,-5.99557105511116
46.17642140388489,-11.908080248103303,-3.4932878421667737,20.67836190741925,2.5772689749267794,0.3829689339430585,-6.256239520215812
46.27798867225647,-11.648464062965632,-3.330824041934094,19.726413930884547,2.628965913070655,0.41768470172374567,-6.57209986400496
46.38554358482361,-11.358806970276625,-3.15266087014964,18.78601154207715,2.7622978255273596,0.47931358776499294,-7.108297487874226
46.46072793006897,-12.325844710812468,-3.331325169271186,18.604580903543482,2.740148698547835,1.0539365065505726,-7.452052331588322
46.547826528549194,-12.80745306127259,-3.4159112883345615,19.476875913977956,2.804222122966807,1.1313952460661323,-7.7544921087379635
46.63575744628906,-11.836605088492888,-3.2052637498284047,19.591251734284693,3.0476088246327566,0.45061748481579933,-8.18218849433369
46.721633434295654,-10.889828859346494,-2.9795723623169508,19.82076898750651,3.4324825784551933,-0.3364534971329094,-8.969331104429768
46.821863651275635,-10.947931142603935,-2.97978358567312,18.822458374488214,3.569894833528261,-0.2566206550960265,-9.571584143261713
46.8940589427948,-10.008368148678416,-2.7894987798103354,19.10708633007845,3.893126271075837,-1.1871867192501218,-10.128720221448226
46.998279094696045,-10.32656596571271,-2.8460790198536943,20.05342074542603,4.010178324405962,-1.1187495861171803,-10.645653700289214
47.075295209884644,-10.198910866309502,-2.8215753407938493,19.06190486289621,4.050968184138854,-1.073336517259811,-10.904335424196205
47.1670343875885,-9.460727079053422,-2.504240682239833,18.46660375361396,4.270518296010483,-1.2187914180137789,-11.315412225716804
47.254594802856445,-10.417581022823569,-2.759640914967038,18.32803517342926,4.2020923404204265,-0.36761195829775034,-11.929305158815579
47.338950395584106,-9.694545418319278,-2.0964146076922336,18.521297637342315,5.319642796526098,-1.5157028649031548,-12.151021070597368
47.43946313858032,-9.966948183390649,-2.184293128555469,19.479459470829937,5.372191496129079,-1.469862928187862,-12.445138353969927
47.51868009567261,-10.127247005344902,-2.3785364196369785,20.447226917869724,5.437167262779275,-1.42929298222784,-12.754501247659011
47.62683844566345,-10.421682441557413,-2.4992106777629184,21.395248804393503,5.555632552980982,-1.3495319978288,-13.3093213724174
47.701937437057495,-11.415969868347036,-2.60368468496152,21.373392575351527,5.6069220988679795,-1.1237213212309594,-13.647562774689877
47.804736852645874,-12.231233909812785,-3.1200935947851507,21.111349867863407,5.570121702988349,-0.8991163065206759,-13.99290926548877
47.913700580596924,-12.117160892708942,-3.1289144935300497,20.117916659985717,5.6772327667357265,-0.8113763825081199,-14.578392909538145
47.991538286209106,-11.921950920065102,-2.933937916841044,19.15673134948465,5.732812988850136,-0.7689427240368796,-14.863140625864837
48.088924169540405,-11.066394506726906,-2.446375639734532,19.330818251744976,6.180251337403777,-1.4139593177883594,-15.159674776341255
48.181668758392334,-11.052641410114882,-2.2773002348836444,18.345311093065703,6.312278256324401,-1.3071375691273706,-15.828501064180768
48.2787299156189,-11.234225196168914,-2.5719280366740955,19.283512450480206,6.376849674989716,-1.2488974798887578,-16.209228324554573
48.3707001209259,-11.250883880152776,-2.66622715881554,20.27891697318004,6.524485518707936,-1.1354252261474063,-16.946721007358114
48.46126198768616,-11.055772011920311,-2.5451283355157046,19.30564083874016,6.579382038303889,-1.091355548170009,-17.252581412294553
48.57546377182007,-11.932892515218258,-2.9722671978260795,19.52521318444552,6.572612803113824,-0.9919498739405499,-17.43314244581525
48.69522452354431,-12.757417495850019,-3.5130207555606225,19.3586474433352,6.339875291243991,-0.3773925929569743,-17.975537155278673
48.78072547912598,-12.909417431596925,-3.5250897204046234,20.346954257852097,6.372453973517269,-0.3543578755618634,-18.179739797742368
48.87783122062683,-12.064284079069003,-3.019916984465529,20.521740193524067,7.14453748015249,-1.5230420154695947,-18.52139401261835
48.994324684143066,-11.841395844580065,-2.9656948688779,19.548405309166373,7.302730124031802,-1.3965090199356807,-19.35894201010119
49.08110165596008,-11.10618228687265,-2.296505789978069,19.656326582529914,8.401946452297548,-2.4946445624724847,-19.711285821198665
49.174071311950684,-10.999417531823607,-2.358883790784565,18.664000894010915,8.563005938521519,-2.3482493733840704,-20.543046109755895
49.274290800094604,-10.837539502666575,-2.384594700747213,17.67752511996214,8.614382432018335,-2.2634355198257547,-20.98486880208972
49.35271120071411,-11.061782486960904,-2.481716673538882,18.64720672048668,8.598874725165285,-2.038031994498981,-21.545679033310094
49.45667123794556,-11.683375633816878,-3.215001092649891,18.37167828189871,8.449742455880656,-1.8551878200909495,-21.6447430279548
49.54144740104675,-10.944752309099654,-2.577008337538366,18.589395595424488,9.077357880303552,-2.4519784714579558,-22.028127957519807
49.659287452697754,-10.607103876320124,-1.6395518277294725,18.67406452749798,9.92458488490717,-2.7132863107425207,-22.21439975790257
49.766316413879395,-11.309503980435352,-2.3505034475215254,18.639685928719413,8.687205897825297,-1.3772782451434438,-22.480408926225415
49.85315155982971,-11.461100117899118,-2.391226734805849,19.62728920178954,8.752277390978833,-1.316815726395773,-22.853627661033435
49.965206146240234,-11.266520262585527,-2.209097077093903,18.663459617429385,8.78229087361825,-1.2844660139538535,-23.019985589118217
50.056137800216675,-11.719920387523766,-2.665086369174908,19.429293863342593,8.824982249963302,-1.2468497604782014,-23.229266105294275
50.17167043685913,-11.938835184713525,-2.7729596450738945,20.399056549734574,8.937259030112559,-1.1476223148806932,-23.80906171160805
50.27931261062622,-12.522021580904937,-3.3081897085058847,21.010139528139195,8.956146342257634,-0.9994084809621319,-24.247853258855287
50.3811354637146,-11.962767662726485,-2.5648479498157353,21.377124656978893,9.420432518129585,-1.3050249440418984,-24.47035037875241
50.488561391830444,-12.600140918889982,-3.278865866198524,21.66683787278363,9.53051151517195,-1.2969717868481634,-24.805150928535586
50.6120879650116,-12.483249397766647,-3.191284622942396,20.677562431807164,9.565915278520231,-1.2642309716248954,-25.03517393044964
50.74077081680298,-12.630743169347703,-3.177206267542504,21.66652521536074,9.668399748932096,-1.1587430908289913,-25.568432988997422
50.82211685180664,-13.195578454639914,-3.9323778263266775,21.333843659977287,9.881293079526786,-1.2079869519020803,-25.92550390514321
50.949530839920044,-13.504512107654428,-4.34758943692406,22.189506745812032,9.999371848525575,-1.113027062733087,-26.463010305623484
51.0323691368103,-13.411359940421022,-4.458249216897976,21.20002350349014,10.052360221699935,-1.0576661500272913,-26.762877767554766
51.15638709068298,-13.99956099233166,-5.213738842441162,20.911484167821946,10.3776670851855,-1.1433211484283903,-27.323660364950275
51.25036859512329,-14.341019610788186,-6.153460256174782,20.89332717323974,10.823949337187413,-1.13897984833939,-27.956624058479935
51.37011384963989,-14.953568396650649,-6.934763365911398,20.77353804328914,9.667712018763353,-0.127897438776306,-28.18718731923606
51.47672653198242,-15.52549370316118,-7.745184639034632,20.64657819198898,9.057738437965401,0.4888782099443675,-28.72780801188323
51.60607314109802,-15.22248634937701,-7.451369817520285,19.740013580827032,9.124280805413726,0.5180227171766304,-28.97027017455314
51.71211004257202,-15.134332516584124,-7.279392673134536,18.758864884872718,9.162934609803068,0.5614758890203712,-29.127808188997278
51.83097314834595,-15.530969360418043,-8.099586733117174,18.34660171882138,9.032631958874411,0.5996568292400835,-29.035278359763097
51.93336486816406,-16.028606894345845,-8.868977825517403,18.747094205344467,8.879541693094085,0.6655173305908538,-28.96724537908214
52.05470252037048,-16.436083315554754,-9.700224092970412,18.368950569930316,8.91713603207006,0.6455393875369926,-28.970507871105035
52.148558139801025,-16.6813355856019,-9.901740251611646,19.317234578992583,8.930407231601391,0.6533190504647588,-29.016677362692324
52.27928304672241,-17.221272163380082,-10.73890792903498,19.229949002550565,8.498963313928545,0.9455205443448855,-29.04967495523338
52.391698360443115,-17.51396793630838,-11.6942299373523,19.18885101069596,7.097990043455906,1.4178419115316676,-29.256184914808845
52.48614859580994,-17.874621931420307,-12.54350845566618,19.574408651186197,7.136831047285443,1.4083010650293293,-29.2774192512748
52.59706211090088,-18.37716749756943,-13.406703486113095,19.52601140585534,6.207895192020408,1.95078914614184,-29.265858628298012
52.72663187980652,-17.836662214925695,-12.591125651161754,19.73261933060729,7.135931977924699,1.2709357385911864,-29.146619142805108
52.82127022743225,-18.35976675386528,-13.425938490973934,19.561011743870747,7.620711940071374,1.0006558141891075,-29.26749678697256
52.915863037109375,-17.86637545105414,-12.55642304062153,19.58354846743016,8.18710022913693,0.6571824389287079,-29.18537148736177
53.03791570663452,-18.411979184112173,-13.383719809933426,19.449770210754238,7.198033876150959,1.377875827530887,-29.340296324301683
53.13104557991028,-18.873274980906352,-14.235768921840782,19.20234648764362,7.560076967481733,1.1627656110773588,-29.30098887223866
53.25200581550598,-18.38006612562621,-13.375386548072095,19.330748964182916,9.261398019439008,0.15268256643920436,-29.29869335426009
53.38042736053467,-18.654818585351933,-14.16758720599336,19.875661070364995,9.253554737194111,0.1521940808212932,-29.268723101461354
53.47703218460083,-18.065861274771507,-13.376438001969355,20.040622348506442,10.029283577017255,-0.44615715315737686,-29.282463760325978
53.6084942817688,-18.197985118581528,-13.548515912906481,21.016804955637088,10.025241495233418,-0.44670798610922846,-29.299889251456506
53.74314045906067,-18.861552900286394,-14.28835124803328,20.905802811598768,9.30752888199798,0.19296153044447922,-29.210811580713226
53.84005069732666,-18.455685205106807,-13.382908520401394,21.03008024715388,9.933860162777558,-0.08564690247705209,-29.236566261822738
53.97029161453247,-18.851981459705055,-13.872477437564616,21.806785824537638,9.939563974740514,-0.05394741111598503,-29.365203609046528
54.060296058654785,-19.09867563541073,-14.13408854264393,22.739899758294968,9.964995252900602,-0.006648831820149562,-29.56319707364147
54.1864697933197,-19.57211006822597,-14.842918865304707,23.262794978680024,10.057811102227797,-0.028833931134343356,-29.67022203506106
54.280861616134644,-19.16011823220639,-13.937287849924218,23.363269806543165,11.086107315202975,-0.5531043311939581,-29.54369456392005
54.409358501434326,-19.691607627042362,-14.782696893104513,23.416209138668542,11.20598196520885,-0.6371236232652703,-29.518078680209374
54.54351043701172,-20.202502920540258,-15.642269388567083,23.40520349802558,11.157835134509885,-0.5815578180868822,-29.625047642094664
54.63936948776245,-20.481614512742027,-16.120348377271732,24.237992306582548,11.165878329624016,-0.5760099426522594,-29.65558429038082
54.75868844985962,-20.53431087016121,-16.243378559110955,25.228995166452975,11.155805739115351,-0.5774765555797334,-29.588578536327265
54.85012912750244,-20.938321426744917,-17.128272497218745,24.997180178868,11.422950124019405,-0.7274242887450897,-29.527148117090317
54.973695039749146,-21.115590435499396,-17.58130270498676,24.123487252614797,11.303176133020106,-0.6506519740233216,-29.563268431131753
55.068888664245605,-21.449736900720644,-18.27044108328049,24.766475926965164,11.381341526204587,-0.6699496745359155,-29.551322410545463
55.2080557346344,-21.87635653646615,-18.88788405907527,25.427354023166018,11.334309709294253,-0.6257515549721411,-29.592335804557628
55.322805643081665,-22.39128964178151,-19.523661475785975,26.002359217447733,11.36450929202609,-0.5979661677305066,-29.738372141124387
55.42832016944885,-22.72989515260191,-20.451954574588907,26.156041457010144,11.565922166279643,-0.6574937538706885,-29.81205621541485
55.5392119884491,-23.115537683541355,-21.06553716478401,26.845096058141355,11.527563978541522,-0.6385141383218146,-29.78326816037098
55.65775966644287,-23.606987530044268,-21.933338792922797,26.77162917735858,11.226110792439234,-0.49595026716729085,-29.64295307183062
55.758949756622314,-23.744981044056246,-22.118470476654604,27.744606078301896,11.23478686917091,-0.4898484055239325,-29.69105988929688
55.88194155693054,-23.147734928450973,-21.3211494140246,27.831647450539386,12.105547449092931,-1.0948652951607503,-29.89196685409268
56.004276752471924,-22.724427971113293,-20.41916740786144,27.74656113890578,12.845739877277474,-1.4441052720643137,-29.818858965421775
56.10283660888672,-23.19601784172454,-21.038959331566726,28.373825808121712,12.844477749293636,-1.4196761729129082,-29.906977555126605
56.23991370201111,-23.803959035559178,-21.832788743359295,28.389394038977876,11.590840069986127,-0.4612012053470299,-29.785444855716765
56.34412384033203,-24.1479722062658,-22.349209657441733,29.173590683881844,11.596596752525926,-0.4604704364425303,-29.78060703050682
56.46006965637207,-23.682653506116115,-21.465807029833453,29.229073157022533,11.855117793034491,-0.5864784527980323,-29.818315544858073
56.55784034729004,-24.249167750261694,-22.28973481527389,29.214768767507593,11.823931725678335,-0.47213882979534505,-29.83151837151234
56.67957949638367,-24.793527364666335,-23.12813133787133,29.242407166552333,11.230566569852117,-0.04960651803997203,-29.9962666913579
56.77430462837219,-24.321133936773897,-22.251756432658066,29.336276622694832,12.123508063322511,-0.6002687499257416,-29.841787671794986
56.900002241134644,-24.501310916597852,-23.23527888349428,29.321449463740397,12.21280440994614,-0.6097060193026801,-29.856964561355625
56.99634838104248,-24.782904044306704,-23.813031949236166,28.55535109835054,12.219883261404206,-0.47362108114830437,-29.891623356488722
57.11567950248718,-24.242193246052647,-22.973433753158176,28.607377070653417,12.56250075478155,-0.7157541772277056,-29.8508086323847
57.2109580039978,-24.79803489625592,-23.80434577240814,28.63238259334864,12.728329834029765,-0.8160431714614278,-29.884135464903586
57.34465193748474,-25.036732827050464,-23.87318742153828,29.601033265768503,12.740766646771004,-0.8133433230390033,-29.893176989901743
57.47855353355408,-25.10387223297524,-23.953134725432793,30.595568699411807,12.739323128636528,-0.8151697705013373,-29.87446289400341
57.60656714439392,-25.52132862876328,-24.86170319312586,30.61084931227748,12.124824243171801,-0.5079558054601292,-29.95256467140169
57.70246243476868,-26.08660179129022,-25.678415176847814,30.494884716940156,11.317221680759111,0.06357004617770048,-29.93655777588962
57.82730293273926,-26.61533949677577,-26.525190798350916,30.436511044570448,10.648104462480067,0.48255845686782145,-29.905242877916244
57.93028163909912,-27.126303647204793,-27.384712121870617,30.424732615502727,9.7075933857233,1.0827423165231267,-30.03290532778641
58.046658515930176,-26.595175202146425,-26.5455057144979,30.54150239187687,10.821316211751263,0.35036609534043484,-30.06988312036711
58.152947187423706,-27.12560331637347,-27.391131236767485,30.48180740277523,10.309043977059332,0.691438891365405,-30.11464775039197
58.28564238548279,-27.283037327180462,-27.657188263439455,31.432821698566677,10.31378932835111,0.690012364249569,-30.115175062559203
58.3851044178009,-26.87436733897239,-26.756217533772414,31.578563199249473,10.869523180201213,0.35315829049603537,-29.89605711455751
58.48074984550476,-26.362252798388617,-25.915150508894655,31.752761238807786,11.696054774673819,-0.143775112021942,-29.999671916438633
58.60763335227966,-26.745193482866444,-26.837455397650096,31.700702384138495,9.411959232713166,0.8862345187188664,-30.22930641352841
58.702401876449585,-26.44350414063565,-25.889297200541904,31.80060020213723,10.370687790294737,0.5516779633513949,-30.13858949640573
58.827810764312744,-26.742049908529236,-26.818231692695896,31.58162272895917,10.099779761751762,0.6647172299775733,-30.171946419888474
58.92815804481506,-26.91910372494574,-27.16024312729957,32.50448790041852,10.103054112023402,0.6654995502130705,-30.183971780918455
59.06433653831482,-26.628906590300005,-26.20601807923087,32.43209880813447,10.9127347793713,0.41317295729961767,-30.11047826901586
59.166184186935425,-27.16311717480787,-27.047070629748266,32.517243735569735,11.022312479371239,0.33563822028858414,-30.082617556752353
59.2824592590332,-27.465688656228124,-27.18573657642415,33.460229554054635,11.031567032882734,0.35168541701843953,-30.148071582681187
59.41229057312012,-26.920938744972652,-26.34780148108935,33.49358086877269,11.462282166838554,0.07917252909714453,-30.214012312251313
59.50442719459534,-27.217480449142318,-27.301893323270196,33.53567331907107,10.577096575853641,0.3726678899581309,-30.324514694594686
59.63009572029114,-27.48652442823334,-28.264342676547866,33.499526677591085,7.889034051302149,1.204257796884263,-30.668795931127963
59.7247359752655,-28.00269832863045,-29.12044885950365,33.47409622235093,7.245502490951575,1.6322212866890453,-30.73593958987723
59.84592080116272,-28.519043681643073,-29.962447805998774,33.31781042477678,6.610819679085025,2.033017264483372,-30.779128645044153
59.94685077667236,-28.960398965254857,-30.827974764194334,33.08102233752424,6.2818417816988665,2.2358992910442446,-30.890711294352503
60.07922983169556,-28.425730035758892,-29.99653620994344,33.23214833243192,7.198108300989488,1.6081957601900758,-30.846788544256967
60.21739721298218,-28.022643285102546,-29.093265965704028,33.379199130855454,9.107319065092284,0.8360899590384083,-31.16581485136329
60.31668043136597,-28.16543310023368,-29.288139453341795,34.34957812512044,9.166052414447796,0.9336084776016301,-31.667653894734105
60.440470933914185,-28.80873327656163,-30.04277952388975,34.47874176961773,9.111235676028898,1.1816393571199646,-32.33516532404457
60.53464317321777,-28.53482310877826,-29.083764162868224,34.55128663373408,10.371348753534928,0.8109495849013468,-32.321420695787104
60.67455720901489,-28.209490244188725,-28.15043783402387,34.70314344492113,13.548561449376887,-0.24607888507396627,-32.700386233733255
60.80674958229065,-28.629257003211606,-29.037486030705733,34.89534481011633,13.288497219135095,0.03993430372129713,-33.365194816270474
60.89973187446594,-28.4910799482558,-29.420898509762935,33.98216247761807,13.341448445091602,0.1486198987215511,-33.86155486419867
61.02242088317871,-28.464378025848838,-29.28219395006626,32.99218871409747,13.45013353591533,0.3507891436550511,-34.773795447475116
61.13692045211792,-28.713176199913732,-29.620289962875905,33.89981779841783,13.463922440114747,0.44272537299609954,-35.19591157074381
61.236475229263306,-28.722653907808773,-29.494297861796667,32.90783182900157,13.544327875365074,0.5740611092861915,-35.70670546971573
61.3989942073822,-28.407615551577173,-28.666368912884288,32.443844232555556,13.615380787028373,0.7603041373141352,-35.82445189729788
61.50710940361023,-28.592807803011496,-28.270118606128243,33.34311589585004,13.670506362599767,0.82424024544545,-36.17447300794161
61.59271574020386,-28.457768172592317,-28.33581425513396,32.354456004928004,13.759694263120581,0.8503631861986359,-37.3003176836033
61.70559811592102,-28.593242665380608,-29.32521279611897,32.406774155702934,13.116375935927925,0.999283810825653,-37.72246779823052
61.827460527420044,-28.782522465463327,-29.428003411703642,33.38330231537288,13.173062362290826,1.1722313911342672,-38.315341082306496
61.91184115409851,-29.01656772280406,-30.312327689768328,33.787274330173034,13.259905159577295,1.314545403631907,-38.829537631940774
62.035648822784424,-29.306453448583312,-31.120416726971406,34.30006900052526,13.401770339781597,1.5019603339724883,-39.647614850025214
62.120654821395874,-29.442884934216362,-31.57204967239127,35.181779912524966,13.498606503874422,1.60846953229247,-39.974401245730505
62.234631061553955,-29.284660834800903,-30.584721028333494,35.169643892286906,15.560235997973736,1.4541963800473032,-40.474847536631806
62.34342002868652,-29.07980990774913,-29.61148327951978,35.065507529905354,16.534971740353654,1.3210861387598156,-40.632208449368605
62.435999393463135,-28.989679643153103,-28.61617850531133,35.100791263292436,18.014415151660057,1.2850200226578,-41.06128414820866
62.55681896209717,-29.039705444870762,-29.458258669355345,35.637818652245855,18.21779290476745,1.3462469564046458,-41.36917454524558
62.68380284309387,-28.910045959373573,-30.448792575876375,35.68288524578039,18.098798560131083,1.523778034012467,-42.268382575982706
62.80329203605652,-28.839773330804753,-29.46118038957737,35.54258582615316,18.577227251075055,1.5637785597270857,-42.67944360343802
62.894614696502686,-28.82311372217701,-29.764413725313325,36.49535652340346,18.637734449791104,1.749787401571036,-43.462404650914735
62.998618364334106,-28.97401693375771,-29.66942808154749,37.479331090256196,18.69269825826767,1.8515799410839142,-43.860176808452
63.12016224861145,-28.792264605217888,-29.717895321817124,36.49718190724426,18.770407152090648,1.9932289424145286,-44.42987913156968
63.20695781707764,-28.86168695079167,-28.726610727650947,36.385220345519514,19.15792104892998,2.1543269525808597,-45.0261620776217
63.318359375,-28.875746073918453,-29.044913607225755,37.33310515809502,19.126713644524358,2.2179237694871996,-45.34559133164178
63.441396951675415,-28.886036748374583,-30.03674975669656,37.460208087338145,18.578902783864635,2.3437515000075635,-45.9382128622378
63.51899194717407,-29.060513932722,-29.061117546830936,37.327168607427375,19.447932538296598,2.5722899626140827,-46.20873980335942
63.63588213920593,-29.181775287009714,-29.164689911128956,38.314370941961705,19.547941836682806,2.756698514897151,-46.916097400366155
63.7593834400177,-29.159346599001864,-29.501911579675294,39.25552900531615,19.541830148996663,2.8116257199632364,-47.21132042689618
63.88240838050842,-29.149908643892427,-30.267538599908562,39.89874451421817,19.59309459282889,2.921007725719015,-47.757792588208915
63.98429465293884,-29.339767712955485,-29.306539292359762,39.69766277764011,20.55696255392003,3.133982866377781,-48.222121815210826
64.08126139640808,-29.271133833424358,-29.60535763636229,40.649501518114626,20.57386667122101,3.199406953426464,-48.63556629693063
64.20557737350464,-29.46577644734471,-29.413797807130063,41.61148856827215,20.66137871009415,3.3912629940896513,-49.209383809377734
64.33408284187317,-29.54526568124976,-28.427890265936192,41.46428876558798,22.230046686960534,3.651317825645628,-49.59891811521009
64.42168307304382,-29.35265853968956,-28.49173234426467,40.48509180988667,22.267326682652246,3.7164331451747925,-49.87153925279591
64.54731249809265,-29.236693062579583,-29.16006260059946,41.219861621859195,22.459246244609847,3.821805068645865,-50.04788950617157
64.66625046730042,-29.52623945381297,-28.22898179660029,40.997935003924354,23.17561513183848,4.042381619537654,-50.0807086994497
64.76629257202148,-29.20787608433727,-29.143996754911505,41.24570988368988,21.63058443077264,3.640748534356693,-50.81117972158952
64.90001702308655,-29.00222802006661,-29.956006075285046,41.79192388688665,21.82068914109742,3.894578193047148,-51.66845760506051
65.00636053085327,-29.043866579068375,-28.98692131015325,41.548734766254746,22.83704757030371,4.02652909273661,-51.953275242106294
65.12109756469727,-28.761130236017554,-29.943435605575615,41.477037046828535,22.868442736550012,4.210120500978858,-52.83734817081656
65.28538107872009,-29.015916659454884,-29.280973206833337,40.772602913154806,23.228636950881278,4.4169629473963035,-53.45377603880713
65.35946249961853,-28.95227902961071,-29.28625208085091,39.774643802992,23.351027043857922,4.476588567750838,-53.93323064734719
65.48241138458252,-29.296215185603955,-28.41112080235509,39.43427170366706,23.71047854256309,4.730648091464881,-54.35441066514012
65.58602595329285,-28.991507308463564,-29.304033384169422,39.765723405799164,23.93811713799227,4.890129676294792,-54.74985433358331
65.72437787055969,-29.008506358953266,-29.355706842099824,40.76424275264627,23.965014956446783,4.974938371409914,-55.046535720304696
65.82717204093933,-29.410072182652428,-28.495365240293136,40.45030451439306,24.66215999150144,5.372237957561443,-55.37997887772231
65.95567560195923,-28.988486464611768,-29.169409284567667,41.05687694100194,24.542504091631432,5.362795579106548,-55.669570399656706
66.05722332000732,-29.108113805735652,-29.020015487204056,40.07536240083204,24.56686301337845,5.396403965149377,-55.77632737661429
66.19428992271423,-28.704600232820585,-29.876791778904153,40.39647170068797,23.83512040411594,5.1103552050492835,-56.02718765311324
66.317134141922,-29.11684436449856,-28.983486261450594,40.21741855666611,24.395786563788697,5.442704799424542,-56.38821287452691
66.44070410728455,-29.10604781882064,-29.11779826634603,41.20829883194784,24.39620755802124,5.447670698978012,-56.427479176243615
66.54531264305115,-28.667690858056677,-29.961209354906494,41.51894478901641,24.212873811994676,5.300897450685398,-56.23858147874815
66.6832709312439,-28.345650433226243,-30.895921036425626,41.66929117975035,22.90258902744496,4.955015997287544,-56.636870540481574
66.79721999168396,-28.68197636233513,-29.9636494384953,41.5360450274551,24.22649773404476,5.380700411963473,-56.437899553459005
66.94102954864502,-28.134770042844064,-30.765100535269006,41.29471251122641,24.14793099736625,5.324199826649596,-56.41338299354167
67.0508222579956,-27.84356508220883,-31.318328307156328,42.07518589534276,24.14198899888796,5.347409024866335,-56.507970281585195
67.18132042884827,-28.29529784285933,-30.488554483802638,41.74744679936535,24.666220901879253,5.551357059493848,-56.1378611709419
67.2829658985138,-28.1152415832101,-31.375430940039834,42.172922879460685,24.537538920450363,5.5188432837850225,-56.05295128780506
67.4093849658966,-27.59747643627264,-32.18138570795854,42.45990051741519,24.365622886302987,5.4208711122828195,-56.12787986019535
67.52456307411194,-28.183867518556237,-31.38132404057471,42.333224446268,24.528208330524095,5.503198838628456,-56.04563269548942
67.66583061218262,-27.707222026083652,-32.2477330225345,42.482034897799444,24.15215126074699,5.321064962436211,-56.15001941791966
67.77189302444458,-27.22772730901882,-32.99806944533394,42.02697438651828,24.094022682123068,5.265639753798149,-56.08984150956673
67.90978193283081,-27.651174677722327,-32.113923839632086,41.82954370537627,24.508649899816387,5.457340975662598,-56.07913097689377
68.05198907852173,-27.199116618708686,-32.93911458667213,42.16822311467115,23.912287846415868,5.188688270041559,-56.30658945735179
68.16460537910461,-26.72624548952873,-33.79324850738516,42.38466742777612,23.293659966933,4.884925523239638,-56.46735824362368
68.29668164253235,-26.253823462431846,-34.57592107309413,42.789934109357795,23.23110942662915,4.811993050341831,-56.27874125162329
68.41106939315796,-25.865523804651822,-35.43667346288717,43.1190673638817,22.952868740397346,4.743517712460494,-56.543393100015045
68.52953934669495,-25.885650098249446,-35.471739246087,44.118249691164664,22.950832955480116,4.73422129814546,-56.50131477291839
68.64569330215454,-26.36440696770588,-34.63351863510251,43.85714038978096,23.14311855801762,4.828270568997094,-56.453817962764816
68.7869565486908,-26.32105394106172,-34.88020888108107,44.82526457480055,23.137292373852713,4.8166455486012785,-56.454653429018116
68.88202548027039,-26.844279012699054,-34.03172204776074,44.745856652701036,23.797432440912047,5.191808903374009,-56.35205407881211
69.02289199829102,-27.151006212116478,-33.1024634637365,44.53995155525365,24.63457261563521,5.443289419411497,-56.21947745424128
69.14166021347046,-26.644493965297993,-33.94033295189035,44.743470754946735,23.777213292209936,4.98974122368312,-56.519849547940666
69.2658212184906,-26.043385001780443,-34.73705227326424,44.680970059523474,23.833738334944233,5.0136645212569375,-56.49426042185877
69.39993929862976,-26.459226156254733,-33.854317549804286,44.46221096315586,23.95535937010898,5.077701172795677,-56.49699006957369
69.49480175971985,-26.116430535963058,-34.37912208019548,45.24135881022324,23.953185334685365,5.0856165249415755,-56.53734370082132
69.63833618164062,-26.478526775061066,-33.69596460426536,44.607180462507166,23.991685343311655,5.108204812596771,-56.54182925907249
69.75555372238159,-26.136164348639888,-34.60390990870043,44.84888957100192,22.6054105993737,4.660770367608275,-56.958527039645546
69.88456583023071,-25.78143002703049,-35.494592113133294,45.13322875539082,22.5317831180369,4.663900853999902,-57.114859140074095
69.99055600166321,-25.254280246030373,-36.33623538788352,45.250487897717825,22.134062631076514,4.41063258226123,-57.17310757625873
70.12648487091064,-25.74717806831124,-35.508683125756434,44.9817705922849,22.22458716135698,4.454144207936817,-57.13414862130672
70.26598024368286,-26.241481284169733,-34.69221804304868,44.68335963486043,23.055177172453334,4.918758739641706,-56.936184684961034
70.38166642189026,-25.83122563861775,-35.38738205637676,45.273645412993645,23.118394462053875,4.932665346054555,-56.847902061391004
70.52173018455505,-25.435584368802765,-36.18053895427525,45.73664662350529,21.94905344743237,4.491348083235104,-57.444453783600316
70.66409921646118,-24.868839299292528,-36.97437201108135,45.95716669993311,21.739361651486796,4.358738230606975,-57.55577569050596
70.7752730846405,-24.413030258866428,-37.83099478624384,46.198901140463946,21.230128530661155,4.088723113895232,-57.60834693219965
70.91279220581055,-23.978487949835284,-38.72276275422185,46.32508700714588,20.925693318516718,3.9843018516783766,-57.79129446946623
71.04064297676086,-24.276068997549707,-38.1964390597035,45.528576562374596,20.961343690104066,3.978432019077733,-57.704140800362254
71.15536403656006,-23.930198551956774,-39.11689420993313,45.71060939260339,20.12033226673183,3.6753548749181144,-57.790246646056595
71.2725977897644,-24.340748163628586,-38.26421732595037,46.03370558242553,20.19124122622048,3.656041079830939,-57.619404777689255
71.40228962898254,-23.82812582575194,-39.06370274028664,46.346821233541,20.21710185645053,3.7200398464118827,-57.78232359436948
71.5297155380249,-24.184969924053956,-38.16036058870155,46.108839623586235,21.045253322517354,3.9873583866486255,-57.4501734450112
71.63109254837036,-24.72440009717182,-37.33729276424926,45.9311476297277,21.25452162381232,4.1373412740910975,-57.486474010462324
71.75549817085266,-24.28213878425478,-38.037837518375234,46.49118510933374,21.186061691641903,4.093502954878625,-57.50166794522547
71.87754368782043,-23.717536747335654,-38.847302303916955,46.32996693146698,21.281164717373,4.11591886934329,-57.362179967066666
72.02172493934631,-23.41634859278281,-39.447845114761456,47.070665269456235,21.29919439959604,4.144865135647359,-57.476340221634
72.12299871444702,-22.911123747908487,-40.27770612011952,47.30747440759882,20.800480857393396,3.8515710531956477,-57.53855593899911
72.22597551345825,-22.36559216439207,-41.095686788739734,47.489965276273665,20.23667355917907,3.5170306061173733,-57.733506985437764
72.37415623664856,-22.00835861684183,-41.666147855885455,48.2295316109426,20.27904853325879,3.522406918387754,-57.74904828477137
72.48385858535767,-22.476926846949585,-40.796730569022294,48.07282361804756,20.7310905900771,3.6897191921193144,-57.58709473410526
72.62071585655212,-22.8396926394565,-39.86485032130247,48.072395019772415,20.886071091696433,3.743786139032304,-57.576251445393204
72.74756097793579,-22.403086129409118,-40.753795008045806,48.21078612965683,19.54553216335278,3.1359604904269274,-57.81853555555843
72.86500597000122,-21.927905911221554,-41.606336782316575,48.42844706635995,19.579031485142618,3.225450211980154,-58.09789002451703
73.00420331954956,-22.33266124977853,-40.7699238159149,48.05887100443928,19.885031208863747,3.4277093410113784,-58.379524430636295
73.11036515235901,-21.914266965801474,-41.65263258260969,48.27281365174341,20.180301582083743,3.646917633603221,-58.665166067818866
73.2594702243805,-21.470633901691418,-42.53329057454657,48.439040020488086,19.718086386034518,3.43481699341132,-58.961602595443765
73.39129853248596,-21.98306020380858,-41.72292035126983,48.154928447114266,20.148606508196657,3.6996464089781997,-59.05263409374979
73.50122094154358,-21.50645251577318,-42.51847730337099,48.529006310224425,20.252380760510093,3.8136513039446585,-59.36158657395124
73.60727500915527,-21.07603006312453,-43.23654028794365,49.07592683684831,20.132716864378004,3.8199873639628983,-59.910832750824035
73.74250626564026,-21.64114331240045,-42.416903000874655,48.981896346373134,20.47512768003202,4.102363000929592,-60.16653574927657
73.87080645561218,-22.212419948684975,-41.598646923327784,48.91786513216426,20.800651951517786,4.412800293925537,-60.55667028033044
73.9886109828949,-21.693805708589426,-42.44162651455952,49.060780067482085,20.17666698588922,4.215798909780955,-61.43343632922401
74.13169455528259,-21.089446190207056,-43.22611588405008,49.19979805803348,18.71436206411823,3.236648027024707,-62.131819659725224
74.23636198043823,-20.48916926235918,-44.02043754533855,49.293182790733454,17.539942051571092,2.568024239412123,-63.20518351036915
74.36567831039429,-19.88694316433234,-44.810161651607935,49.41005692316832,17.21354884392239,2.4527425906843106,-63.864376576732546
74.48564028739929,-19.225805518081852,-45.54911406792316,49.53985037112415,16.091983411188064,1.551891585060529,-64.48153061762942
74.59655690193176,-18.6946012997598,-46.39556240747838,49.57655577809765,14.865835079842821,0.8834279221708105,-65.28191987896153
74.72402143478394,-18.05664758687862,-47.13421435295528,49.794290395612435,14.669444287283763,0.84284535426167,-65.90928757961441
74.84681606292725,-17.336547998081283,-47.82673456186612,49.83756096833812,13.480022888178093,-0.30825329493060316,-66.42099431335564
74.94713282585144,-17.621676737792896,-47.33984847164029,50.66317803268156,13.456012499246516,-0.15002974914580494,-67.10797519086614
75.08297514915466,-18.295342691779073,-46.76981371799743,50.19282225023678,13.486180647331349,0.03546817192599371,-67.73732936154852
75.21896576881409,-17.498106466733272,-47.36298811694873,50.08075738552219,13.178242339626713,-0.28566781494449206,-68.257042948465
75.31348085403442,-18.286555075244404,-46.74806435172159,50.09550712096883,13.61619392905127,0.5039920786083536,-69.05911438680333
75.43001794815063,-18.932001576686417,-45.994143723251305,50.21799181284194,13.884734122871508,0.9296712470275017,-69.7770286589759
75.55261588096619,-19.718895326002748,-45.399545514652566,50.05291244520907,14.150534378353306,1.4432095891400634,-70.46180504511794
75.64745759963989,-20.353685008386467,-44.84136881672427,50.58721650941694,14.192027649273514,1.6222312662328773,-70.9662841135227
75.76320672035217,-19.731013959723345,-45.17177546245975,51.296520544095024,14.204920048008855,1.7934593660689981,-71.60072310281399
75.84893798828125,-18.926526181212132,-45.72904290251067,51.50207446520868,14.051337352322731,1.6489931300626384,-71.87565933329037
75.96822547912598,-18.1189842523982,-46.317951422293326,51.53467490285732,12.614974168230345,-0.1478202416896344,-72.76849893827281
76.06221795082092,-17.24009023210247,-46.653267201219556,51.87395152965544,12.580684837372205,-0.14937644293654237,-73.03924616103944
76.17509531974792,-16.361811990906094,-47.11891699145955,51.76533475429152,12.00185551482054,-1.0666586787281946,-73.98326713086139
76.26638722419739,-15.438717379514436,-47.45721253337442,51.58243460464636,11.84674657893928,-1.4948011869225706,-74.17537651357725
76.3901686668396,-14.619417437638102,-47.94493537735556,51.883887806155954,11.904116560318371,-1.259786612736459,-74.62246243003688
76.51208829879761,-13.7856448349686,-48.36565548908988,51.526371604257356,11.939217486347307,-1.1314628941160672,-74.80795833363403
76.63673567771912,-14.71169090507141,-47.98828570376096,51.52082893631184,12.111271404049416,-0.48600708456790326,-75.37429111487913
76.72478103637695,-13.970520705039624,-48.65958940924232,51.52507977056448,11.469634143725848,-1.1259011811264765,-75.72724909323108
76.84584736824036,-13.01938178994327,-48.94395236876106,51.40477818519221,11.375987830609583,-1.288085399011736,-76.37207622496214
76.93390369415283,-13.58453646230793,-48.60718463913324,50.651659540763774,11.413164304217686,-1.0596797631295813,-76.93904702260902
77.05231428146362,-12.726975773475697,-49.03370445963605,50.364134745854116,11.255092804497286,-1.2903969442180336,-77.39723023608649
77.17410159111023,-11.987945357047792,-49.39927423299134,50.929990544095475,11.240700461047982,-1.1916730922161136,-77.99530401121142
77.29350924491882,-12.44626384320937,-49.2955232509443,50.04727887034983,11.228552379150146,-1.1686598894869562,-78.2008783364754
77.41717576980591,-13.346600643068038,-48.89388154636828,49.8797151870365,11.349599863625002,-0.714775071406068,-78.66522900816142
77.50995922088623,-13.988072846577563,-48.65629797604849,49.15028564332529,11.336006899729837,-0.6117646870419251,-78.97659021368865
77.62157559394836,-13.742094240936906,-48.910764098440396,48.21500947121252,11.287085303171951,-0.5296330964944712,-79.44855040491818
77.74217438697815,-12.951596134955045,-49.23938564060249,47.69817233393802,11.281684811383265,-0.32655804648775855,-80.11461951324861
77.82775497436523,-12.00459246629566,-49.558486683139336,47.661313465295926,11.093376780561654,-0.6934612899680316,-80.86589711259485
77.93467020988464,-11.040625863188803,-49.8244754504076,47.65702816696952,11.116570206427916,-0.30759654262396807,-81.48730962782044
78.06027460098267,-11.981261938554333,-49.51437401548903,47.79501683962922,11.551538536618814,1.1895282030268468,-81.46491448136919
78.14439344406128,-11.022117522776524,-49.77031794403286,47.674456916255814,11.458520715511769,0.9001629591992117,-81.57437904011304
78.26088881492615,-10.145897099335091,-50.12786818217037,47.99755999075671,11.351366961110397,0.7449781228722511,-81.97008130944467
78.34863710403442,-9.199958430579288,-50.44197692716455,47.916716121040544,10.751180196524762,-0.9813799587685118,-82.55200598690588
78.43238139152527,-10.158214814103673,-50.161746642784,47.97342318542209,10.843267398238261,-0.633584422463,-82.63096233451996
78.55351877212524,-9.214546944913966,-50.48688673508242,47.911983189986366,10.535601265994638,-1.4159025656977737,-83.18788513860112
78.66919422149658,-8.267294464211094,-50.728042271918866,48.12306787644038,10.521368061120386,-1.3937344419236424,-83.36948280069862
78.75517439842224,-9.22426771894676,-50.53295963296145,48.33788164159068,10.617666614236796,-0.6159163355645194,-83.89717873260209
78.87771344184875,-8.521478918917458,-50.7503704274247,49.01524450520533,10.598686403128829,-0.559617620362092,-84.11402799151627
78.99902486801147,-7.529707667944025,-50.86336073465775,48.95505334128587,10.521045248082633,-1.219983387538486,-84.29686740223823
79.12204551696777,-6.559340805440941,-51.07282750078758,48.83458830053527,10.251036675453484,-2.4794261655844156,-84.67325124133069
79.22131657600403,-6.407725574501306,-51.14915798500496,47.84910036102192,10.249984062622737,-2.421204854416123,-84.9893799780936
79.323979139328,-7.3597302978350925,-50.946548925415165,48.07852698485252,10.392448037172025,-1.7427063623061756,-84.91624780419909
79.44761633872986,-8.304743615740081,-50.82144568282303,48.38068424138486,10.412520741208322,-1.313094655519256,-85.38348626604905
79.53591775894165,-9.29599863035481,-50.70494278048078,48.442656571879986,10.44689940965477,-0.6423383836118209,-85.59449321335221
79.63987612724304,-8.46957075187405,-50.805050372615845,48.996728256472075,10.440285291052529,-0.5908307924482274,-85.82260337613906
79.7594358921051,-9.451756645681995,-50.694885998655124,49.14896058127382,10.530232828278264,0.46008296313861224,-86.00255758080284
79.84957575798035,-10.444732111569978,-50.72145339697116,49.26425974645409,10.512434764988233,1.8450527512925377,-85.77924290865768
79.958425283432,-9.458379275689122,-50.885474164887995,49.24993247030779,10.465607957524314,1.5613492707611751,-86.23458059127177
80.04630541801453,-9.068152138541882,-50.86787158281906,50.170482811429004,10.45632060773037,1.5836113919348243,-86.40400347534366
80.15504431724548,-9.152409786253308,-50.79727265625638,49.17654295390726,10.444213673498792,1.6433466523954385,-86.73784870726415
80.27418684959412,-8.516868066711066,-50.869083099119884,49.9452626577116,10.433047731397409,1.6731331853751126,-86.88179820449054
80.39227151870728,-7.535132404806517,-51.05896823981765,49.95704075123453,10.367392364511666,1.379303614641844,-87.04052852048528
80.48117637634277,-6.539594659547103,-51.147445789367154,49.924233419896446,10.27698767783216,0.628803103875388,-87.66370997499526
80.60957980155945,-5.6987589428441785,-51.24946048359792,50.45582376939283,10.25652134299454,0.5441985402499352,-87.75037889494358
80.71046948432922,-4.706497563757825,-51.34046502218991,50.37135170579003,10.167752606784424,-0.4877536933729971,-87.92857732385339
80.80387163162231,-3.723830764890509,-51.507492869718405,50.290929939122854,9.991988226352072,-1.5164525946970593,-88.51608764288977
80.9089879989624,-2.7307642393782325,-51.62294645606024,50.31305108981156,9.964560618748456,-1.7094112973654711,-88.45954643825269
80.99830985069275,-2.8170688139456024,-51.57901387894781,51.308350767836735,9.983949991390704,-1.7031676390400743,-88.42169896873772
81.11630940437317,-1.8279452396791638,-51.54572867379815,51.16507952177341,10.001400042764203,-2.363113111008813,-88.53912754881212
81.21751189231873,-0.8325092103532693,-51.521094703007584,51.0728825641067,10.020654481920017,-2.931942415837821,-88.82968796697321
81.3069257736206,-1.8090122470386962,-51.48053368481602,50.86123043643629,10.02186836080698,-2.9156297925494474,-88.88038815443187
81.42444229125977,-1.4518508067011315,-51.54935129995647,51.79273451124347,10.019402544578876,-2.902238742782089,-88.80146038225095
81.54231452941895,-0.45500829901852724,-51.52993615203687,51.71574057051872,10.030060563111455,-3.0611014208591025,-88.81965551223578
81.63714599609375,-0.2519180219925826,-51.66443375977749,50.74586184980691,10.025179112431035,-3.094928344078773,-88.76200043732781
81.73314356803894,-1.2273999396035529,-51.8077884460672,50.912848263424344,9.961628757270285,-2.681074149585401,-88.6474809136066
81.8512818813324,-2.1793901343546023,-51.81284157049284,51.21893507305751,9.973780478050713,-2.2050213040754514,-88.55948803436222
81.94665670394897,-2.8783000727295787,-51.647323811744556,50.52314144734681,9.976702677858789,-2.208880995758812,-88.48932629827263
82.04776930809021,-3.771591039080337,-51.557123695173715,50.0828061337428,9.993393809197103,-2.128628935286316,-88.52793561288131
82.14899897575378,-2.7839225467275726,-51.46231746879479,49.958215890732305,10.066830801943363,-2.9210403579876876,-88.73069420587055
82.24509286880493,-2.4879625039330553,-51.65551387803172,50.89367449512217,10.07411410292755,-2.9313489996840048,-88.68967205563902
82.36135506629944,-1.7042414001982715,-51.76516823086572,51.505031309482895,10.068758106526102,-2.9608071738474564,-88.70400741086985
82.47981810569763,-2.6971976099038697,-51.80355466962396,51.61712255323797,10.046245164043155,-2.5596790441531816,-88.53140739566814
82.56521105766296,-1.749717117393299,-52.09301561000481,51.481133287831575,9.743758703750542,-3.6094926100043896,-88.68619958272534
82.67478036880493,-0.9782153049567818,-52.13386396581937,52.11604774288392,9.741952756456088,-3.591314801173224,-88.68694309527832
82.79267764091492,-1.9677305588545415,-52.12177763625464,52.25996953741593,9.75294165076655,-2.884975960942018,-88.46450387884063
82.90737318992615,-1.205806008657217,-52.29661279259206,52.88359093531299,9.749502006077412,-2.900348682454111,-88.54443346957697
82.98837447166443,-1.5263135061346476,-52.13050484783624,53.8161589461035,9.778385256206045,-2.8494492645193135,-88.52928966738556
83.10041785240173,-2.5166082194815385,-52.03282428534592,53.9150269815284,9.829924743625396,-2.216807458622942,-88.46146804843472
83.18468379974365,-3.275350388317616,-52.05697266577439,53.26408368372696,9.830348369332409,-2.233536316561741,-88.40246360822427
83.30036568641663,-4.239660836680618,-51.86056728990834,53.44165138210949,9.926018271149385,-1.6800386666753746,-88.46389909092326
83.38297438621521,-5.107812792189236,-52.352667050303054,53.506071937571534,9.675946578722307,-1.2407052460106383,-88.39807086571301
83.49722528457642,-6.10160899044114,-52.27401834888844,53.584707159360896,9.661032452000287,-1.382652343443794,-88.38632241469956
83.61472487449646,-5.112294626763802,-52.39954539492324,53.65886948494126,9.67880876227181,-1.2492155397127502,-88.36219762089289
83.73242855072021,-6.085775462362905,-52.22347468511186,53.80493169041482,9.815114020309956,-0.534424093962979,-88.24204035989138
83.84833025932312,-7.079491913300523,-52.1718319831018,53.904232478251835,9.857255681815131,0.2083015397484998,-88.07766305511602
83.94779324531555,-6.667853647824606,-52.12567469791992,52.99405477943658,9.8538249096056,0.26308572606064257,-88.22093307202333
84.03895258903503,-7.659786090155386,-52.159005777581505,53.11636205223871,9.813519064274644,1.7009929962342398,-88.04490804819964
84.15978598594666,-6.7013897908877365,-52.220747740071786,53.39504549921383,9.802645307168987,1.6580502623721594,-88.05286300984464
84.27633333206177,-5.730577565148937,-51.98199632613458,53.41787934906591,9.706619313808538,1.709542680564904,-87.98740633475306
84.3693904876709,-6.684652389049047,-51.79579626697044,53.65255096722042,9.733406068345968,1.800764458703701,-87.95315032320352
84.46854496002197,-6.20711792863393,-51.88678401023477,52.778661918375136,9.740009539092407,1.827223162225896,-87.88205505015043
84.58623957633972,-7.186801648436107,-51.76181089084668,52.621813174086284,9.758398219974264,1.8851901875163546,-87.79591092122291
84.67055940628052,-8.176626064326987,-51.63958228097392,52.69466777335673,9.76894571230295,1.9619279973319805,-87.78112574458916
84.78263545036316,-7.610345416982844,-51.772159588189105,51.88118791124883,9.754277941616934,1.9430291716162285,-87.74050664917478
84.89874267578125,-8.60437552739791,-51.80087136554996,51.98644841395047,9.748574582728164,3.4745332480361784,-87.31875402149231
85.01404619216919,-9.602444562598427,-51.76222038444393,51.93782431875624,9.798651311879816,4.249279064639611,-87.02381066936383
85.135826587677,-8.605359604122082,-51.79925582146358,52.00453235414177,9.804697363023516,4.157289713498273,-86.90391961506333
85.23540878295898,-9.60337919893145,-51.7660200557246,51.95112568552914,9.846627722665481,4.679932413808827,-86.74304273122144
85.32184100151062,-10.037455663377465,-51.76610679097996,51.05024965882455,9.838425015848761,4.664782693171378,-86.61660325787638
85.44080996513367,-9.037532489368983,-51.76002323371836,51.03944982494349,9.835086092602081,4.219804192920621,-86.96295657106276
85.55916500091553,-10.036508299506796,-51.74224391272786,51.08105783504522,9.874285828269523,5.294550750994776,-86.57570817985014
85.65809273719788,-11.000695062536563,-51.51375034656375,50.946393154375805,9.903969548403582,5.4377427525755415,-86.6241479087653
85.74426913261414,-10.251276220547307,-51.472892543843464,50.28555880355227,9.866065201335669,5.162664331305287,-86.75669911685458
85.83762192726135,-9.277672556135222,-51.26097568230714,50.370335854927994,10.106013069279154,3.939717562275196,-86.95130476536926
85.95187330245972,-9.70185422178752,-51.08966789564547,49.48110947387897,10.111475858445417,3.943495983293377,-86.94507792587471
86.07008218765259,-8.70279832980827,-51.046338387130014,49.48425246502745,10.143616336793198,2.7771430286850216,-87.24202608011866
86.18687129020691,-8.471044191741107,-50.846368730135715,48.53225343363596,10.146530505122358,2.7948750931356927,-87.3979591694683
86.27948713302612,-9.45184933890629,-50.70457526557072,48.6661036361048,10.279785202540296,3.7424909766672716,-87.32738581424302
86.37984275817871,-10.438817962487747,-50.856794577739734,48.718278506191126,10.188667429446427,4.394526246386581,-87.18471344745645
86.47543621063232,-9.444298083916733,-50.89716180839203,48.814718631743574,10.187001670307442,4.123797358130825,-87.18730268326973
86.57870507240295,-10.442817157902812,-50.8477357661688,48.83745022289204,10.312723963884906,5.672968116836858,-86.52741847658059
86.69866967201233,-11.389148712545639,-50.524703236131565,48.82712679201644,10.798558362683865,6.988010516685451,-86.20124493953513
86.82217812538147,-10.447731263938607,-50.56405581264619,49.16206643162319,10.780394124805133,6.397171440773309,-85.89549228753843
86.9035587310791,-9.542781906957236,-50.69841986901223,49.56581506834643,10.770869087867542,6.17895865917572,-85.69488476278045
87.01455688476562,-8.54920230645411,-50.803365294724664,49.608076576673646,10.73731508931072,5.554878548441605,-85.19905130376549
87.12883162498474,-7.623081245160184,-50.9041467796592,49.97159118727714,10.740641277332417,5.358453079519324,-84.95128758653853
87.21346235275269,-6.634073891333096,-51.03401869350909,50.04228588346376,10.741372847782179,4.9786390543230175,-84.23391292349852
87.32519674301147,-5.722203947461316,-51.288228785003085,50.364575248547226,10.778457651487594,4.685405511564804,-83.42747654709696
87.4485387802124,-6.707842842764851,-51.36536439620399,50.514795305628496,10.776873293195314,5.143756177784333,-82.96727968328402
87.55117321014404,-5.781143654822297,-51.50573992132911,50.863397266340804,10.820712510109084,4.967525380782209,-82.40782750880392
87.629953622818,-4.869099865998782,-51.72996542881337,50.520032956806624,10.893084599515388,4.585497343293323,-81.64963814930044
87.74620652198792,-4.002657341388822,-51.94266226027163,50.97173795947445,10.925736850013996,4.446152896879708,-81.2171551798138
87.85459446907043,-3.0198408167068025,-52.11632048470749,50.909171995102824,11.001903469670639,4.446134384176423,-80.39847255685703
87.94297790527344,-3.997252858449319,-51.90503337517883,50.904328648763816,11.205369542599072,4.9099484615983515,-79.38525398584996
88.05904364585876,-3.417593100910154,-52.02169460674853,51.71079298308883,11.23648550711636,4.797752629841922,-78.84297057228535
88.16130781173706,-4.3664745331837995,-51.706216725975914,51.720679045476935,11.331699632283637,4.837874689574414,-78.16175219493482
88.2500786781311,-5.28415616385294,-51.34650603081685,51.88940557131274,11.502852539494533,4.625338665263321,-76.3674540312563
88.35661458969116,-5.530664788766389,-51.28059169275562,52.856302048646924,11.567816174682386,4.223080700076403,-74.60071971727047
88.4635682106018,-4.592213130168726,-51.62240386828233,52.90603052275382,11.174815087847104,2.940512108905955,-73.98855739348102
88.56535124778748,-5.572877025271206,-51.42916677484485,52.93697806808902,11.424634091921371,3.621186323781801,-72.3901098639314
88.65216255187988,-6.423422611350638,-50.903309535335794,52.94378759499785,11.606205561748506,3.6823934447562574,-71.66400358080614
88.77235221862793,-5.532968334552173,-51.353122353936236,53.012777515667864,11.11090171254658,2.702857105799952,-71.45065373974538
88.88488864898682,-4.700023336394465,-51.90530365812873,53.04881135177142,10.575802657079958,1.7220889541310562,-70.57724329431935
89.00236201286316,-5.5365179135995195,-51.35759499460462,53.03172210933139,10.64228116512958,1.5860341039087293,-69.62570133660677
89.09676504135132,-6.337718740795151,-50.76756979142846,52.93198498425766,10.847511058631069,1.7434530909138741,-69.1419873448192
89.20202565193176,-5.479629954432728,-51.28021990055446,52.961540023289515,10.530138073339472,1.1449964588019994,-68.90056598824826
89.30551290512085,-5.848195933645741,-50.84410464616092,53.78249227759669,10.596470012667513,1.014667549188152,-68.18471220865248
89.41900897026062,-5.109221245517565,-51.51716771718128,53.81253412731537,9.86048960411733,-0.011750986103776881,-67.5230891300105
89.5092453956604,-4.313740115203521,-52.120162799834006,53.75247830652395,9.798105816690764,-0.25565884630509644,-67.0689278929754
89.6210286617279,-4.724057722447316,-51.813793772332424,54.611418048399635,9.850316117251293,-0.38677996974837464,-66.39589616446105
89.74894762039185,-5.464260841387746,-51.14381290233515,54.6682069253789,10.638171449865993,0.3092086142027837,-65.72792977687548
89.87218427658081,-4.730183571947511,-51.82251816081487,54.646076977273346,10.161478857667063,-0.34578318688368925,-65.1714712635163
89.97123670578003,-4.04307420385771,-52.53111863177196,54.485558788763015,9.886134950291911,-0.7117319849161281,-64.76906488711161
90.10562467575073,-3.295056746086629,-53.19107733918444,54.55573276812968,9.663565616185146,-1.206602858830054,-63.845451317606766
90.24256443977356,-3.826519127482544,-52.59865637054282,53.95027002520099,9.729202919647317,-1.2422433435665834,-63.36216608153751
90.33952903747559,-4.4259658706058875,-51.79838316613055,53.9653166347377,10.942056048424728,-0.670873020756046,-62.038658674832746
90.46769499778748,-5.168187081570394,-51.14923001887071,53.79885983734859,11.08391595007052,-0.7391299484215426,-60.98141462149035
90.58234739303589,-4.61227736703815,-51.97844830630594,53.8568376009453,10.352544396466422,-1.3025860072401938,-60.693968405737145
90.68998670578003,-5.1891594537561705,-51.2789151556896,54.27857262345665,10.475071132171978,-1.4687386895644525,-59.406278038488814
90.80465245246887,-5.634333414445179,-50.386711898063986,54.3546876141399,11.869782958937261,-1.1081939674983479,-57.924005507431346
90.91230130195618,-6.166866238768202,-49.54110900637228,54.39162730256823,12.990350699940862,-0.8822852402562873,-55.87683230440469
91.04318857192993,-5.561730802831844,-50.33599595653404,54.3472895011268,11.979904235308615,-1.930334343042941,-54.541944570418
91.13653683662415,-5.900464187421213,-49.397989763106175,54.420801916783,13.79063238884659,-1.4823506140698213,-53.56030879505949
91.24783778190613,-6.246825703208036,-48.46655534319025,54.53244250876353,14.29819754912091,-1.625150915418962,-52.02877857118608
91.37333989143372,-5.771743495217847,-49.34286990090194,54.612252856424426,13.966243688799294,-1.968381657596438,-51.03024941269931
91.4604561328888,-6.137199107982472,-48.412120339175274,54.62439569153277,15.177248618770085,-1.6404942462114898,-50.32032758983821
91.59107875823975,-6.467087677364033,-47.46872939170275,54.65884931279821,17.102052166994245,-1.2230771658449904,-49.16011676732576
91.71546816825867,-6.646516606177512,-46.55692770924634,54.289494535687474,17.208009513067733,-1.310544390883894,-48.67078288595332
91.8452250957489,-6.3695635060091345,-47.506616287143224,54.4357429042915,16.634228345684903,-1.6357136802670809,-47.76680675126714
91.94121360778809,-6.635190119451204,-46.77842469977311,53.80393635611816,16.556616547378404,-1.8993345811121833,-46.50714326618437
92.0459258556366,-6.72215738678203,-45.78227325523131,53.814844790942296,17.008633562109576,-1.976670493790101,-45.89445416170892
92.16120338439941,-6.936511861516712,-45.459939259906434,54.73688218422911,16.8985880907059,-2.296453149446572,-44.350242971647646
92.27677011489868,-6.820374588657035,-46.440393648537004,54.89569441822823,15.486548301378416,-2.692128330676866,-43.076175450937335
92.39592981338501,-6.815262891478939,-47.36017334234689,55.288096234491825,15.12788201497841,-2.9659333239191703,-41.70557136790659
92.50616121292114,-6.569736716619811,-48.32618520713002,55.36895397720883,13.144622358357045,-3.5116533368420324,-41.41872859085947
92.60604977607727,-6.65412041454287,-47.33606918477088,55.48097921451079,13.922246165191204,-3.6954530727803623,-40.298060954993126
92.72966074943542,-6.571200528724977,-47.19141372991697,54.49497764660282,13.878388524108438,-3.8137963160929407,-39.69281480139923
92.85325455665588,-6.604017010545061,-46.8039013061034,53.573697450402385,13.772905048656964,-4.02355290503353,-38.65061162494254
92.94317197799683,-6.456463401123699,-45.82056858833486,53.6799269120064,14.071062909449553,-4.321817659616554,-37.51053713241173
93.05129647254944,-6.327031428524194,-44.834888108246645,53.571846591678934,14.27913229106875,-4.453226523094173,-36.99299675111536
93.17613196372986,-6.552998116541106,-45.79562500969123,53.73285485888701,13.319285140789475,-4.4211117980072085,-35.95742923258002
93.25856232643127,-6.9213234636758605,-46.725307062604074,53.73811975678194,11.251347628297216,-3.837902725191812,-34.65549840500901
93.36898851394653,-7.227445104745829,-47.677001986374584,53.761917087264436,9.060903814265076,-3.2418471472297234,-34.032605380720284
93.48653078079224,-7.535959017669316,-48.62726958069052,53.71936518101273,6.910234295436217,-2.693699956613453,-33.061503241640786
93.56889200210571,-7.417707728671708,-47.64656094076231,53.87501606029257,8.10214112075281,-3.025102240657025,-32.276323723377814
93.68879103660583,-7.495989970831116,-48.15407268034217,53.01693463947568,7.993813241191744,-3.3150625304576176,-30.834577599109103
93.80307197570801,-7.954254154243364,-49.04147670113322,53.06701499575829,8.043608321585667,-3.4994261837753564,-30.215201350041532
93.93127989768982,-7.535091114289779,-48.151027706596146,53.2442237259744,8.035085263126138,-3.690320839289062,-29.336616164132415
94.0600757598877,-7.988478253238077,-49.03438771529029,53.125416330261146,6.4513388192402745,-3.175314612200647,-27.92446723933523
94.15377736091614,-8.584696631195712,-49.82392457231716,52.9799680673574,5.668208963434711,-2.7204619199844866,-27.355479428281296
94.27551865577698,-9.027442254355247,-50.578271129392064,53.46467167266928,5.45866241450682,-2.8675224040800935,-26.301475210496612
94.39287900924683,-8.780934861654579,-50.34865258209996,52.52312537636548,5.358447211604719,-3.0019101610683263,-25.57880982735567
94.47962856292725,-9.439959886016464,-51.0846446412987,52.36820053632609,4.361861685329868,-2.4254304177918717,-24.371386059038297
94.59974670410156,-8.920144264461705,-50.26262197079897,52.600731069315074,5.0447563134158395,-3.267165272778897,-22.953299173514967
94.71377444267273,-9.717050066051044,-50.853623064108234,52.475595738171066,3.776419901674254,-1.7852054669041804,-22.163628016380724
94.81385803222656,-10.007959564849678,-50.94278534189417,53.428182611757286,3.5977880812655543,-1.9352044034756626,-21.045768522871573
94.89985918998718,-9.876330467271238,-50.67977407665677,52.47241127141017,3.470352610487706,-2.0628906723700373,-20.21041826328504
95.0175142288208,-9.236922513432086,-49.92319712681968,52.33548505937442,3.5154842377294053,-2.229975627371107,-19.777144519029978
95.1171145439148,-8.554847521607758,-49.24795045983523,52.616226300118015,3.7505866950500333,-2.7715110603102513,-18.81910201559419
95.20168495178223,-8.744300406735148,-49.381425410279334,53.589001732538506,3.5366256320343767,-2.933521954717811,-17.700838916054252
95.31225824356079,-8.525988070394083,-49.223023520945254,52.62606426558818,3.434314662556478,-3.0127218037939008,-17.09310654178918
95.42103123664856,-8.433015283026773,-49.01052129770453,51.653336726178026,3.342313062929252,-3.083806037134284,-16.52870256876226
95.5205409526825,-9.27090210533079,-49.54220327955584,51.52980558361086,2.498264050659905,-2.11928088182531,-15.449490886617975
95.60161304473877,-10.097147522269685,-50.078507287285525,51.35747879439754,2.039660165620386,-1.5638005728722397,-15.034500435766185
95.7168390750885,-10.9922701454725,-50.43592504562492,51.091005464673586,1.6392828889561137,-1.0077483021152425,-14.206190833387966
95.82861375808716,-11.432061414285632,-50.67487492829643,51.95673440230188,1.558287256300877,-1.0567134169821335,-13.792458444710828
95.94157314300537,-10.492278750432762,-50.388080189994554,52.14263040226953,1.45888451281695,-1.3322231631629564,-12.987622985467375
96.03421783447266,-10.149761389197078,-50.20832402317539,51.220475546650015,1.383735565048112,-1.383203619676638,-12.595444786511589
96.11313009262085,-10.440835012888241,-50.33305590836852,50.27194083331187,1.1962752404315589,-1.518138535780579,-11.587597607397038
96.22375559806824,-11.3761082154311,-50.68149920960867,50.333999695903024,0.9914551995934437,-1.2935274044921925,-11.054814990777986
96.33193683624268,-11.078637859007829,-50.48734569901402,49.3992185443102,0.8212943327412293,-1.386379417095356,-10.24132551149336
96.42734599113464,-11.396466995097622,-50.60475253441067,50.34006936949695,0.7717571888026727,-1.409192506720043,-9.996102494153616
96.50092577934265,-11.55870878388036,-50.70689981528085,51.321519080375424,0.6316902962255271,-1.5024778784697566,-9.189662977757143
96.60580849647522,-11.287409466620757,-50.489408811038096,50.38391876919375,0.5717473089816464,-1.5398846587484887,-8.847847957914288
96.71553134918213,-11.032547188688383,-50.2921301744783,49.43727926080407,0.458062562005531,-1.6130247456564144,-8.234100288744937
96.82297563552856,-11.294701363005778,-50.52835105159059,50.37294741036581,0.39533632920694634,-1.64832404082429,-7.918052674610699
96.92128014564514,-11.611002930323552,-50.62773210154114,51.31638618708801,0.24611614189559936,-1.7210539810494176,-7.2307217487510815
96.99336004257202,-12.52874183041,-51.01606168554612,51.23298687381352,0.31213617695935075,-2.035820946129765,-6.963048773901167
97.1032223701477,-13.484232476190265,-51.3038053339366,51.16786223456412,0.020279594296829476,-1.3533876287494797,-6.567869166363041
97.16818022727966,-13.37091676791861,-51.2324899455095,50.17686593505922,-0.240541940088623,-1.2316785893947138,-5.597307396169717
97.25201606750488,-12.452260757867986,-51.15742379554687,50.56472700339126,-0.2587253125298643,-1.3225215632911327,-5.426967924138051
97.36147737503052,-12.78749302686644,-51.2278581197178,51.50422598252895,-0.4299903798913244,-1.415371206053563,-4.6259317565934115
97.44605278968811,-12.82624729090222,-51.2906089712652,52.50150249265498,-0.5215571415787043,-1.433940222497389,-4.211589901880564
97.52548718452454,-13.05020234561133,-51.49978578869184,53.45338966691542,-0.6173379773341435,-1.441989107634603,-3.8063469561749823
97.62099075317383,-13.36427604232754,-51.7134227055893,54.37843938491418,-0.7060269779205111,-1.4255808309125608,-3.3445649830197026
97.6881754398346,-13.393307959192466,-51.1762350852637,53.53547639143695,-0.8761525875091488,-1.3809193092225573,-2.4195531914861297
97.78067874908447,-13.676434618821759,-51.3744537366537,54.47385193504852,-0.9261483342286413,-1.3802374970991442,-2.176212146125942
97.88941740989685,-14.563470589451883,-51.468903997763356,54.92578814181294,-0.9714527919713086,-1.422596446633957,-1.978861901102196
97.97068309783936,-15.517323672248578,-51.70238359821712,54.73697190148597,-1.4838611962948856,0.24778940641066158,-1.4305602143502083
98.05725193023682,-14.550260862137662,-51.54101347724924,54.93382007993628,-1.3523324583407508,-0.8230748241437817,-1.2660921894074437
98.1655125617981,-15.472380409132995,-51.52064635507913,54.547451445878536,-1.4040229817792491,-0.6170856472690346,-1.0362150454124828
98.26982522010803,-15.745800724632574,-51.71915400521299,55.4886400794215,-1.4634872081449637,-0.6368787284418226,-0.8157270328571832
98.38047289848328,-16.169840305524797,-52.014136844349125,56.34489679235983,-1.5666643365521287,-0.6572274550007121,-0.4507771717612166
98.48779821395874,-16.39438053349342,-52.22080956872832,57.29719300206641,-1.606287328996322,-0.669473963791271,-0.2917841790299542
98.59359622001648,-15.419281900277287,-52.34030652679648,57.48401680277848,-1.6918046153723183,-1.3889922046955747,-0.36878846082498945
98.67361092567444,-14.45698583772256,-52.4975337558469,57.70597600271577,-1.9458274889005185,-2.4716095251363197,-0.17406866996240544
98.75970506668091,-14.29941014887987,-52.420998245757794,56.72143945287053,-1.9844473615536407,-2.48225554751503,-0.06271255351022187
98.8661298751831,-14.509395884592694,-52.65354692326509,57.67108523071971,-2.0314767088060544,-2.4976120078333066,0.04914374162628554
98.96171474456787,-15.49280889058697,-52.561405869199895,57.51485179704731,-2.0422982526515,-1.9046323795868647,0.29856501771491606
99.04212236404419,-14.504407303197677,-52.678082541430136,57.417646569803,-2.104569358180261,-2.1188586629672566,0.38403770902889434
99.14913630485535,-15.105844387286233,-52.98507861002181,58.155228326459394,-2.1282725944521363,-2.0658843437935426,0.38797036536534985
99.25634908676147,-16.05776614406663,-52.682228416974866,58.109111848497996,-1.8848118122304676,-1.2470950264084257,0.5008278591324178
99.35768389701843,-15.634959917828352,-52.448852155899225,57.233457569789486,-1.8824403798808576,-1.2518069172039594,0.519498814261869
99.45437097549438,-14.693786211579493,-52.43695845294772,56.895743793795816,-1.8756455799622387,-1.2284552761481846,0.5163574670234974
99.53005766868591,-15.650383209710307,-52.64170923847556,56.688381070547734,-1.9028273507272202,-1.149775539866543,0.5632976095234444
99.63379788398743,-15.979284389498213,-52.81923853401421,57.615908624402444,-1.8947102517421304,-1.148579852457682,0.5227590559869824
99.70776844024658,-15.004494668606457,-52.633756329912124,57.73993020319105,-1.7863502220128382,-1.7125375544198032,0.47531139761827357
99.80709171295166,-15.956689630938879,-52.390005186447006,57.555783159315205,-1.571203592759987,-0.811965753288916,0.5041906982967366
99.90759253501892,-16.10117651652958,-52.506151919593655,58.53844967256966,-1.5703585662803339,-0.8101769974786223,0.49955744950599423
100.01467275619507,-17.054557291456696,-52.678307878298824,58.29060410799025,-1.802041818043161,0.40860042807841007,0.49360073173688335
100.12132430076599,-16.61034295701453,-52.4783087188016,57.41729204390518,-1.8204847076628135,0.3967890808272845,0.5637994994921502
100.20048236846924,-15.668778818731926,-52.781539363384134,57.56394861445763,-1.6842661306842348,0.8601971648289262,0.6488815576887886
100.29010844230652,-15.987762009257422,-52.93824698915944,58.4986637818675,-1.6915320812242827,0.857140512375641,0.6821980846727657
100.39332866668701,-16.353729740623297,-53.17027689877412,59.399901675346875,-1.6788080159196364,0.8623503530526783,0.6321090215510666
100.49928569793701,-15.819326965699439,-52.964370871569095,58.58013562206439,-1.6707392139624335,0.8647697404872117,0.6078154806106417
100.60258913040161,-16.08696420586568,-53.158197749789394,59.52395840678385,-1.6697034890104232,0.8511456843442351,0.6246049831068992
100.68427157402039,-16.24902968748822,-53.26581636633063,60.50485239343084,-1.6664025593275347,0.8501168191509664,0.6116338323833146
100.76991724967957,-17.24199002571578,-53.15665187309739,60.550818469227615,-1.6441598155154666,0.9954971723323709,0.623263453323797
100.87264251708984,-16.310290722864313,-53.19602803862034,60.91190838414468,-1.6685817276460206,0.5452387345979991,0.7368007676045347
100.96297883987427,-16.01382746902873,-53.04977539927987,59.96812890534087,-1.6590373830232852,0.5602736852678097,0.6918885997735171
101.03437805175781,-16.99916921027947,-52.92702206160099,59.849666797316125,-1.6124427886521882,0.9891807370950907,0.740181172995097
101.13828229904175,-17.30856905027959,-53.13458720132575,60.77766919590083,-1.6231746738815018,0.9898649407025553,0.7816253563576012
101.21451735496521,-16.332496954966437,-53.14244917418991,60.99497417544268,-1.6101316451759766,0.6996921059681669,0.7182704557705288
101.31008672714233,-17.303980941935123,-53.232820558555275,60.775766794291116,-1.6238382966292133,0.8339205155471163,0.7260998845909172
101.41852355003357,-18.250052264811174,-52.961844917970694,60.59822453385337,-1.4388007376390926,1.5270546748187692,0.8255344930874527
101.52244830131531,-18.24568787514066,-52.88302727180252,59.60134503724641,-1.4442420723686562,1.5278240982353146,0.8376742169469502
101.63081359863281,-19.245237003623725,-52.85647286538495,59.615359431581105,-1.4322088454172377,1.603821834655074,0.8006553564686518
101.70289039611816,-19.681326005008486,-53.037953988895815,60.49677362745073,-1.4293454827000502,1.6050603806750277,0.7865385675746386
101.78713059425354,-18.704383335786066,-53.048372064860175,60.71002110046222,-1.4036667426841023,0.34964939536661277,0.6421703542076677
101.88664245605469,-18.442288166180784,-52.83822851560153,59.76813691927295,-1.3994011877722676,0.34962381291460115,0.5790879271920799
101.98655533790588,-18.73341289923334,-52.94388307844113,60.71896997673166,-1.3966956958751715,0.3562443136571922,0.5421548810156637
102.08892273902893,-18.383931750268424,-53.15101605507013,61.63273080786363,-1.4031420860771275,0.3354947172454982,0.5522995298370363
102.19399571418762,-18.759966672791553,-52.9618102930919,60.725648167374196,-1.3654045069142757,0.41811566433416203,0.465133357355262
102.28736639022827,-19.72037555420229,-52.91011657996573,60.451891814880554,-1.3646996017084307,0.8386629729661549,0.5188508160620935
102.36729049682617,-20.39890666234956,-53.06717996517982,61.16947569729539,-1.3656370694939923,0.8513998768300297,0.5138636363359274
102.48251724243164,-21.329854115189356,-52.978279335474596,60.815309750189904,-1.3626898993440586,1.1349488633196523,0.5629728846150347
102.57823777198792,-20.37320141734315,-52.8949009603169,61.094350360602895,-1.2581788802271272,0.10646501128316788,0.5358528527122438
102.65131044387817,-21.35170074818754,-52.73859671387535,60.95978423529109,-1.2167278900014462,0.4625018270493924,0.629880490728052
102.75647974014282,-21.974928472227145,-52.84826036019923,61.734097536651326,-1.215523074605231,0.48707764698043293,0.6381472867031971
102.85627913475037,-21.771424300197108,-52.75008845913719,60.75995774698649,-1.2212345352376446,0.48826013276380537,0.6581558973428365
102.92970609664917,-21.988250874423542,-52.94554473094991,61.71640067916714,-1.2214747935286492,0.4862563414151409,0.6694858053860124
103.02867579460144,-21.103896707285998,-53.01661633301056,62.177775293170775,-1.2289156072786054,0.4084841964138036,0.6784284346109782
103.10616278648376,-21.280850136810354,-53.250474876866804,63.13380754432396,-1.2305470925736728,0.4094815162331166,0.677364341725893
103.18848180770874,-21.201640282059362,-52.974076010606744,62.176034363638415,-1.2283978029290155,0.41164879540269694,0.6752697848887841
103.2951180934906,-20.857001400503798,-53.229920311947,63.07923297678608,-1.2372098636705693,0.4105988003601978,0.71874502978724
103.4018144607544,-21.82727160966316,-53.31957327184275,62.85442624201198,-1.252909426175475,0.634878167042897,0.7061980530751892
103.49394702911377,-20.828515806913828,-53.333574059752735,62.90228879953296,-1.2468881441385422,0.7962577938253657,0.6827051718242814
103.57247304916382,-21.643354939288056,-53.86704231598359,62.67546550278934,-1.745407772420081,1.5799767649360317,0.6150854504469209
103.67387104034424,-21.518715804277853,-53.605751816763956,61.71828612511686,-1.7620469228184161,1.588498815039915,0.6765307472471698
103.78666758537292,-22.416055500980445,-53.22477921050968,61.49548275439385,-1.6849242255537868,1.8083651399608813,0.7209340038232065
103.89608597755432,-23.38507729127592,-53.20186705937767,61.74139290722018,-1.682399368356715,1.9025993452372196,0.7894525342984585
103.999755859375,-23.785216436736537,-53.41444829376243,62.632851197359166,-1.6181352152711266,2.069226008947477,0.6299833728681934
104.0622251033783,-24.657163301457786,-53.37889505500117,62.14454326959597,-1.5960485622145555,2.6227449535209555,0.6327293131446488
104.1663179397583,-25.525772392884654,-53.17581326899744,61.69257420595982,-1.5269123502811028,3.2837137388937916,0.6498163543531701
104.3026111125946,-24.91158097571149,-53.075831980901214,60.909776246648825,-1.4629978529836691,3.237734029196193,0.6925313156178771
104.38099575042725,-24.00991097747219,-53.21318090645039,61.319808546505364,-1.5690762158009635,2.3161825567502072,0.7134583890414158
104.4487931728363,-23.170826006680237,-53.107367072135084,60.78619834770986,-1.6965988841493977,2.144428948136769,1.0560541392241163
104.56486177444458,-23.556883852860018,-53.18370560917988,61.70550883234762,-1.666580902562236,2.250142418342939,1.0489962218994326
104.69544339179993,-24.34623326340255,-52.998526325074046,61.12015753542053,-1.615377588803057,2.932349213523889,1.080352800951808
104.81274509429932,-25.314130985526877,-52.907165565076504,60.8860054245199,-1.5152079367694984,6.068197757938368,1.4985423409590077
104.9211118221283,-25.674509617796847,-53.14462510071588,61.78808092598149,-1.534438937667178,6.060052057653018,1.4787215325421859
105.03765821456909,-26.5833094159187,-52.99742355364771,61.397677760683834,-1.4987451263496425,6.655571783537901,1.5412329027744713
105.1144380569458,-27.433141199150764,-53.35422390624736,61.00976095440524,-2.1984059914872685,8.332731672539726,1.6299878523299536
105.20655226707458,-28.25272400797683,-53.519600894371884,61.55833590031113,-2.212674245928118,8.322940989624119,1.6334030107154127
105.3161849975586,-29.00930019791129,-53.739878786426466,62.174022605621765,-2.1959841094926253,8.334422456261697,1.5999139995266347
105.42226219177246,-29.792983663135942,-53.36288779841652,61.680344551326485,-2.042818346393864,8.731804192888797,1.6229023068693695
105.5207290649414,-30.113174961832787,-53.49734568551018,62.61810710594101,-2.0341222640425163,8.743533273425598,1.597231976031866
105.60739803314209,-29.786205983932884,-53.264862813154316,61.70211420119104,-2.0329296141929882,8.747083691925315,1.5967147841096014
105.68531131744385,-29.363786864540447,-53.026636116229646,60.82757996604406,-2.0112536023428205,8.750029176580354,1.5371189173292115
105.78843355178833,-29.830130247941177,-53.27538533192754,61.67648966468584,-2.0240181907302155,8.761637818440443,1.5077262841763137
105.8866879940033,-30.776335571558196,-53.32955776439666,61.357489926254594,-2.076836570966625,9.52159616427638,1.521872119495054
105.95846104621887,-31.34180517228656,-54.101677891758364,61.067533654421965,-1.8990961214957158,9.380173675938261,1.574091663431108
106.05590462684631,-31.415864811039246,-54.37893815648815,62.02546993388413,-1.9044304887054682,9.37152968427001,1.5931103600996646
106.16059947013855,-31.26383569436603,-54.37852111339467,61.03709400653733,-1.8945405619837534,9.390179885425798,1.5485028978616
106.23752903938293,-30.866582891856197,-54.15816112412349,60.14623392435466,-1.8993296565037248,9.3931009072086,1.552853774159746
106.32294011116028,-29.954430351065945,-54.13418601954538,60.555382964058246,-1.862090144256506,8.607506850308964,1.5172731708808815
106.4297046661377,-28.955852960345375,-54.13800738319172,60.60856747234394,-1.8610606345413585,8.626497567848805,1.5184260986269822
106.51863551139832,-29.319670832550038,-54.279835056396934,61.529176763508055,-1.8704302102331123,8.627365411717356,1.5366420935821004
106.59261631965637,-28.338252067868286,-54.306639085238196,61.71917348023872,-1.8620165543932716,8.707470217386575,1.5345856480738127
106.68790626525879,-27.968700860344224,-54.19214831594709,60.79704346296097,-1.8653748521617128,8.707835923019354,1.5416318792803472
106.76163172721863,-27.58899429380239,-53.98965358696519,59.8943703172102,-1.8570798117071152,8.707404954578141,1.497163486825839
106.85887336730957,-27.02171200203313,-53.83574354828552,59.0853570284203,-1.8616280432918928,8.71307943894987,1.497126796709651
106.96245074272156,-26.6757488159735,-53.714268339206946,58.15500588639337,-1.8430759711288962,8.715386141948033,1.4413861179575884
107.07014322280884,-26.39651132309636,-53.594987106924414,57.20222133036988,-1.8307798816007956,8.716160160891818,1.4131374468823998
107.17412686347961,-25.860435019008143,-53.37167911315309,56.38812321827714,-1.8264587242212402,8.717345402911512,1.4090682216439891
107.28428268432617,-26.717639778682194,-52.90346492565432,56.173704295098645,-1.7807046993786684,8.813433842295876,1.4581767109817614
107.3559079170227,-27.615835602874547,-53.13323360365834,55.798936879210174,-1.9530903647945967,9.619880419079498,1.4522125402130077
107.44658064842224,-26.763240155614035,-52.96439161997682,56.293480494937995,-1.9162109490244805,9.409221149285987,1.4771390211649282
107.55517840385437,-26.289808420031257,-53.02690684589874,57.17208975864458,-1.9113034885537146,9.33896026558217,1.469650751596673
107.66051936149597,-27.211264175819238,-53.1939349275719,56.82134639084157,-2.0891216724294575,10.28662596013419,1.4319186011256482
107.74328851699829,-26.268509422616845,-53.35180665329555,57.115097975571494,-2.1306627554709157,10.002020799060459,1.4170415950322102
107.82982444763184,-27.05157142883209,-53.19099960500657,56.51430267961559,-2.160563333343005,9.83528230093273,1.4434237688578209
107.93201756477356,-26.129265880541876,-52.87403486659494,56.73540408213658,-2.0551628964528788,9.552379153388276,1.4320258945793474
108.04005837440491,-25.27213190862414,-53.130330771365934,57.182208025026696,-2.1815517143443426,8.93046651040117,1.3003920335265968
108.14663529396057,-26.197280854507873,-53.113003967213544,56.80299936243038,-2.19063721548455,9.654184236722122,1.3475098550433495
108.25487804412842,-27.17696615420023,-53.08615253527479,57.00173464910476,-2.1939892721056995,9.654377405930889,1.3537095786007431
108.34169387817383,-26.33125242957226,-53.226281535632,57.51664450455015,-2.154142588160502,9.948913034864624,1.3663701865519355
108.42370247840881,-26.750513999182388,-53.402404175115365,58.40726257763731,-2.157477047704531,9.944913323047887,1.3760535774540874
108.52098798751831,-26.24410131355589,-53.17384878972398,57.575812863195615,-2.146225953922862,9.946842970422027,1.3395638516077266
