{
 "Files" : [
  {
   "Path" : "E:/myWork/IP/releaseVerify/new/RefDesign/Interface/I2C_MASTER/Gowin_I2C_Master_Slave_refDesign_For_Release_210922/Gowin_I2C_Master_refDesign/project/gw_i2c_master/src/gowin_rpll/gowin_rpll.v",
   "Type" : "verilog"
  },
  {
   "Path" : "E:/myWork/IP/releaseVerify/new/RefDesign/Interface/I2C_MASTER/Gowin_I2C_Master_Slave_refDesign_For_Release_210922/Gowin_I2C_Master_refDesign/project/gw_i2c_master/src/gw_i2c_master.v",
   "Type" : "verilog"
  },
  {
   "Path" : "E:/myWork/IP/releaseVerify/new/RefDesign/Interface/I2C_MASTER/Gowin_I2C_Master_Slave_refDesign_For_Release_210922/Gowin_I2C_Master_refDesign/project/gw_i2c_master/src/i2c_master/i2c_master.v",
   "Type" : "verilog"
  },
  {
   "Path" : "E:/myWork/IP/releaseVerify/new/RefDesign/Interface/I2C_MASTER/Gowin_I2C_Master_Slave_refDesign_For_Release_210922/Gowin_I2C_Master_refDesign/project/gw_i2c_master/src/master_sram_iic.v",
   "Type" : "verilog"
  }
 ],
 "IncludePath" : [

 ],
 "LoopLimit" : 2000,
 "ResultFile" : "E:/myWork/IP/releaseVerify/new/RefDesign/Interface/I2C_MASTER/Gowin_I2C_Master_Slave_refDesign_For_Release_210922/Gowin_I2C_Master_refDesign/project/gw_i2c_master/impl/temp/rtl_parser.result",
 "Top" : "gw_i2c_master",
 "VerilogStd" : "verilog_2001",
 "VhdlStd" : "vhdl_93"
}