{
 "Files" : [
  {
   "Path" : "E:/myWork/IP/releaseVerify/new/RefDesign/Interface/I2C_MASTER/Gowin_I2C_Master_Slave_refDesign_For_Release_210922/Gowin_I2C_Master_refDesign/project/gw_i2c_slave/src/I2C_SLAVE_TOP.v",
   "Type" : "verilog"
  },
  {
   "Path" : "E:/myWork/IP/releaseVerify/new/RefDesign/Interface/I2C_MASTER/Gowin_I2C_Master_Slave_refDesign_For_Release_210922/Gowin_I2C_Master_refDesign/project/gw_i2c_slave/src/gowin_rpll/gowin_rpll.v",
   "Type" : "verilog"
  },
  {
   "Path" : "E:/myWork/IP/releaseVerify/new/RefDesign/Interface/I2C_MASTER/Gowin_I2C_Master_Slave_refDesign_For_Release_210922/Gowin_I2C_Master_refDesign/project/gw_i2c_slave/src/gw_i2c_slave.v",
   "Type" : "verilog"
  },
  {
   "Path" : "E:/myWork/IP/releaseVerify/new/RefDesign/Interface/I2C_MASTER/Gowin_I2C_Master_Slave_refDesign_For_Release_210922/Gowin_I2C_Master_refDesign/project/gw_i2c_slave/src/rom_init.v",
   "Type" : "verilog"
  }
 ],
 "IncludePath" : [
  "src"
 ],
 "LoopLimit" : 2000,
 "ResultFile" : "E:/myWork/IP/releaseVerify/new/RefDesign/Interface/I2C_MASTER/Gowin_I2C_Master_Slave_refDesign_For_Release_210922/Gowin_I2C_Master_refDesign/project/gw_i2c_slave/impl/temp/rtl_parser.result",
 "Top" : "gw_i2c_slave",
 "VerilogStd" : "verilog_2001",
 "VhdlStd" : "vhdl_93"
}